filename,trial1,trial2,trial3,trial4
1.sql,4.430,4.453,4.428,4.444
2.sql,0.180,0.090,0.085,0.094
3.sql,0.973,0.959,0.963,0.971
4.sql,0.963,0.969,0.972,0.964
5.sql,3.970,3.871,3.889,3.884
6.sql,4.686,4.681,4.719,4.652
7.sql,0.168,0.172,0.170,0.169
8.sql,0.600,0.600,0.602,0.618
9.sql,0.093,0.084,0.093,0.093
10.sql,0.506,0.501,0.515,0.500
11.sql,0.133,0.135,0.144,0.141
14.sql,0.316,0.300,0.316,0.310
15.sql,1.309,1.309,1.303,1.303
17.sql,3.083,3.072,3.075,3.068
18.sql,0.191,0.189,0.217,0.195
19.sql,0.147,0.147,0.149,0.150
20.sql,0.137,0.141,0.142,0.141
21.sql,1.666,1.675,1.673,1.675
22.sql,1.621,2.473,1.576,1.574
23.sql,4.068,4.049,4.089,4.037
24.sql,3.754,2.631,2.626,2.649
25.sql,0.655,0.651,0.656,0.659
26.sql,0.251,0.271,0.248,0.245
27.sql,1.585,1.587,1.635,1.587
28.sql,0.639,0.624,0.638,0.634
29.sql,0.440,0.453,0.407,0.413
30.sql,3.157,3.149,3.125,3.129
31.sql,0.754,0.758,0.788,0.772
32.sql,0.464,0.455,0.451,0.443
33.sql,0.598,0.604,0.607,0.613
34.sql,1.073,1.087,1.092,1.089
35.sql,1.961,1.979,1.963,1.980
36.sql,1.836,1.812,1.818,1.818
37.sql,2.208,2.200,2.634,2.153
38.sql,27.147,31.475,29.919,27.618
39.sql,0.149,0.143,0.147,0.145
40.sql,0.155,0.160,0.158,0.164
41.sql,14.264,14.277,14.210,14.145
42.sql,1.298,1.263,1.275,1.287
43.sql,0.480,0.468,0.483,0.468
44.sql,0.150,0.149,0.146,0.145
45.sql,6.312,6.336,6.342,6.320
46.sql,2.115,2.113,2.113,2.126
47.sql,0.222,0.207,0.204,0.198
48.sql,0.093,0.085,0.086,0.080
50.sql,0.190,0.192,0.201,0.195
51.sql,1.784,1.732,2.035,1.796
52.sql,3.587,3.604,3.614,3.619
53.sql,0.142,0.134,0.138,0.133
54.sql,4.805,4.829,4.854,4.848
55.sql,0.104,0.097,0.100,0.099
56.sql,20.701,29.888,20.587,20.910
57.sql,0.157,0.153,0.159,0.151
58.sql,0.149,0.154,0.138,0.161
59.sql,0.267,0.267,0.246,0.244
60.sql,2.793,2.792,2.820,2.798
61.sql,0.090,0.089,0.088,0.087
62.sql,0.122,0.167,0.122,0.117
63.sql,0.463,0.456,0.483,0.452
64.sql,0.964,0.948,0.947,0.944
65.sql,0.980,0.999,0.997,1.006
66.sql,0.268,0.269,0.248,0.258
67.sql,4.750,4.748,4.738,4.762
68.sql,0.600,0.595,0.586,0.573
69.sql,55.041,54.945,54.941,54.988
70.sql,0.240,0.238,0.238,0.236
71.sql,0.667,0.158,0.155,0.153
72.sql,0.112,0.117,0.111,0.111
73.sql,0.750,0.715,0.709,0.716
76.sql,1.751,1.747,1.752,1.734
77.sql,1.641,1.616,1.608,1.638
78.sql,0.593,0.600,0.569,0.604
80.sql,0.135,0.129,0.133,0.129
81.sql,0.382,0.367,0.358,0.345
82.sql,0.463,0.472,0.444,0.445
84.sql,3.840,3.821,3.848,3.824
85.sql,1.539,0.099,0.083,0.096
86.sql,2.274,2.223,2.218,2.202
87.sql,1.174,1.177,1.183,1.170
88.sql,43.873,43.886,43.746,44.005
89.sql,0.586,0.580,0.594,0.587
90.sql,1.189,1.206,1.208,1.188
91.sql,0.880,0.870,0.901,0.874
92.sql,0.052,0.047,0.053,0.051
93.sql,0.116,0.118,0.121,0.117
94.sql,0.061,0.052,0.059,0.060
95.sql,1.562,1.526,1.523,1.607
97.sql,0.099,0.095,0.094,0.094
99.sql,0.714,0.686,0.687,0.685
100.sql,0.560,0.554,0.550,0.544
101.sql,1.056,0.095,0.097,0.093
102.sql,0.106,0.107,0.107,0.105
103.sql,0.344,0.347,0.346,0.463
104.sql,0.098,0.096,0.096,0.097
105.sql,0.965,0.970,0.969,0.972
106.sql,2.484,2.489,2.483,2.481
107.sql,0.102,0.105,0.102,0.102
108.sql,2.490,2.504,2.507,2.485
110.sql,0.489,0.478,0.476,0.477
111.sql,2.958,2.735,2.782,2.764
112.sql,1.005,0.994,0.997,0.989
113.sql,2.192,2.196,2.217,2.187
114.sql,0.450,0.459,0.450,0.451
115.sql,0.077,0.076,0.077,0.077
116.sql,0.746,0.745,0.759,0.747
117.sql,0.135,0.132,0.127,0.128
118.sql,2.387,2.397,2.402,2.385
119.sql,0.951,0.966,0.988,0.984
120.sql,0.454,0.454,0.450,0.448
121.sql,5.997,6.028,6.147,6.016
122.sql,0.937,0.940,0.934,0.937
123.sql,0.117,0.120,0.125,0.131
124.sql,0.473,0.476,0.469,0.480
125.sql,0.461,0.436,0.430,0.432
126.sql,0.996,0.880,0.888,0.882
127.sql,2.415,2.418,2.413,2.902
128.sql,2.948,2.959,3.029,2.970
129.sql,4.326,4.278,4.372,4.296
130.sql,0.176,0.171,0.172,0.174
131.sql,2.305,0.521,0.522,0.545
132.sql,0.143,0.142,0.139,0.139
133.sql,0.069,0.069,0.069,0.069
134.sql,20.698,25.918,20.715,20.812
135.sql,0.151,0.106,0.109,0.110
136.sql,0.213,0.088,0.089,0.091
139.sql,1.300,1.298,1.283,1.328
140.sql,0.343,0.329,0.440,0.328
141.sql,1.499,1.503,1.505,1.493
142.sql,1.045,1.043,1.049,1.046
143.sql,0.097,0.130,0.098,0.096
144.sql,0.580,0.565,0.571,0.567
145.sql,0.139,0.136,0.141,0.140
146.sql,0.417,0.415,0.417,0.417
147.sql,5.148,5.283,5.165,5.096
148.sql,16.635,16.601,16.735,15.975
149.sql,6.200,6.146,6.128,6.098
150.sql,0.872,0.856,0.973,0.868
151.sql,0.365,0.376,0.373,0.381
152.sql,2.069,2.122,2.107,2.125
153.sql,1.645,1.643,1.629,1.645
154.sql,0.046,0.047,0.048,0.048
155.sql,4.207,3.954,3.940,3.994
156.sql,0.627,0.619,0.616,0.643
158.sql,0.145,0.143,0.143,0.140
159.sql,0.407,0.446,0.437,0.434
160.sql,0.189,0.187,0.185,0.186
161.sql,0.288,0.279,0.259,0.261
162.sql,1.773,1.779,1.775,1.777
163.sql,0.178,0.181,0.177,0.186
164.sql,0.546,0.515,0.519,0.517
165.sql,2.001,2.007,2.004,2.002
166.sql,0.103,0.102,0.101,0.099
167.sql,0.672,0.673,0.673,0.681
168.sql,0.087,0.086,0.090,0.085
169.sql,1.201,1.211,1.206,1.212
171.sql,5.416,7.458,5.355,5.349
172.sql,0.132,0.119,0.120,0.129
173.sql,46.722,48.056,45.865,52.110
174.sql,0.099,0.093,0.096,0.096
175.sql,4.976,4.953,5.096,4.953
176.sql,0.147,0.150,0.147,0.148
177.sql,0.125,0.120,0.123,0.125
178.sql,0.562,0.565,0.573,0.569
179.sql,0.680,0.692,0.699,0.694
180.sql,0.109,0.110,0.111,0.108
181.sql,0.139,0.137,0.141,0.150
183.sql,0.137,0.141,0.141,0.138
184.sql,0.110,0.114,0.110,0.111
185.sql,0.093,0.100,0.093,0.092
186.sql,2.051,1.987,2.004,2.010
187.sql,2.673,2.613,2.619,2.624
188.sql,0.065,0.069,0.079,0.063
189.sql,0.103,0.091,0.097,0.094
190.sql,0.420,0.410,0.397,0.391
191.sql,0.428,0.429,0.435,0.433
192.sql,1.385,1.295,1.298,1.302
194.sql,0.047,0.047,0.046,0.045
195.sql,0.265,0.265,0.268,0.266
196.sql,0.417,0.426,0.423,0.425
197.sql,1.639,0.959,0.958,0.959
198.sql,0.146,0.126,0.125,0.133
199.sql,1.204,1.204,1.203,1.199
200.sql,0.541,0.548,0.547,0.541
201.sql,0.178,0.171,0.166,0.188
202.sql,1.924,1.933,1.924,1.935
203.sql,0.097,0.078,0.081,0.078
204.sql,0.148,0.145,0.157,0.149
205.sql,0.110,0.107,0.129,0.110
206.sql,0.111,0.104,0.122,0.108
207.sql,13.703,7.940,7.550,7.542
208.sql,0.136,0.132,0.128,0.117
209.sql,0.355,0.359,0.358,0.355
210.sql,0.065,0.051,0.048,0.048
211.sql,0.145,0.150,0.152,0.149
212.sql,0.095,0.094,0.093,0.094
213.sql,0.097,0.098,0.108,0.099
214.sql,1.884,1.884,1.888,1.884
215.sql,0.114,0.121,0.114,0.110
216.sql,0.130,0.131,0.128,0.125
217.sql,9.515,8.445,10.857,8.835
218.sql,0.126,0.141,0.132,0.128
219.sql,0.132,0.138,0.139,0.135
221.sql,1.696,1.694,1.692,1.695
222.sql,2.729,2.728,2.729,2.730
223.sql,0.108,0.102,0.179,0.096
224.sql,0.255,0.277,0.261,0.257
225.sql,0.891,0.895,0.900,0.917
226.sql,0.108,0.106,0.104,0.104
227.sql,0.130,0.130,0.129,0.135
228.sql,0.127,0.133,0.128,0.141
229.sql,1.206,1.212,1.222,1.220
230.sql,3.063,3.062,3.084,3.079
231.sql,0.123,0.124,0.109,0.112
232.sql,0.376,0.383,0.408,0.381
233.sql,0.634,0.633,0.634,0.635
234.sql,0.119,0.118,0.122,0.117
235.sql,1.419,1.414,1.420,1.439
237.sql,0.123,0.110,0.106,0.115
238.sql,0.194,0.196,0.204,0.198
239.sql,0.131,0.119,0.122,0.113
240.sql,1.778,1.796,1.780,1.788
241.sql,0.345,0.350,0.354,0.351
242.sql,0.663,0.666,0.663,0.659
243.sql,0.079,0.066,0.070,0.070
244.sql,0.065,0.066,0.079,0.074
245.sql,1.056,1.058,1.873,1.085
246.sql,0.455,0.443,0.443,0.443
247.sql,0.047,0.046,0.045,0.047
248.sql,0.079,0.078,0.076,0.078
249.sql,0.133,0.139,0.139,0.134
250.sql,2.475,2.484,2.485,2.475
251.sql,3.072,2.884,2.853,2.857
252.sql,0.156,0.145,0.137,0.142
253.sql,2.366,2.377,2.387,2.374
254.sql,0.143,0.136,0.131,0.132
255.sql,1.041,1.066,1.047,1.053
256.sql,0.135,0.122,0.120,0.120
257.sql,0.529,0.531,0.533,0.531
258.sql,0.527,0.523,0.526,0.538
259.sql,0.133,0.150,0.129,0.145
260.sql,4.711,4.727,4.718,4.716
261.sql,0.117,0.117,0.114,0.119
262.sql,11.621,14.218,11.641,12.117
263.sql,0.066,0.052,0.052,0.052
264.sql,3.411,3.421,3.436,3.428
265.sql,0.370,0.246,0.248,0.232
266.sql,1.687,1.697,1.691,1.691
267.sql,8.225,8.209,8.222,8.209
268.sql,0.452,0.436,0.450,0.435
269.sql,0.422,0.422,0.421,0.430
271.sql,1.120,1.086,1.082,1.091
272.sql,3.036,3.034,3.032,3.043
273.sql,4.365,4.370,4.378,4.370
274.sql,0.217,0.222,0.221,0.223
275.sql,0.230,0.232,0.235,0.236
276.sql,0.345,0.340,0.342,0.342
277.sql,0.207,0.200,0.203,0.202
278.sql,23.856,25.308,22.585,28.290
279.sql,1.529,2.678,1.519,2.033
280.sql,0.084,0.088,0.086,0.084
283.sql,0.863,0.830,0.826,0.827
284.sql,0.397,0.400,0.396,0.400
285.sql,1.225,1.446,1.244,1.378
286.sql,1.492,1.379,1.363,1.361
287.sql,1.235,1.231,1.214,1.209
289.sql,0.135,0.135,0.136,0.135
290.sql,1.960,1.969,1.953,2.838
291.sql,7.304,5.094,6.922,4.512
292.sql,0.538,0.544,0.556,0.543
293.sql,0.131,0.135,0.144,0.137
294.sql,0.173,0.175,0.177,0.174
295.sql,0.179,0.179,0.177,0.179
296.sql,0.116,0.113,0.117,0.117
297.sql,1.252,1.246,1.246,1.240
298.sql,0.802,1.252,0.806,0.804
299.sql,2.777,3.057,2.922,2.810
300.sql,0.209,0.209,0.210,0.208
301.sql,0.239,0.165,0.121,0.095
302.sql,0.155,0.147,0.146,0.150
303.sql,1.241,1.629,1.286,1.264
304.sql,0.608,0.612,0.611,0.617
305.sql,1.638,1.636,1.647,1.640
306.sql,6.529,6.561,6.589,6.571
307.sql,0.117,0.118,0.117,0.125
309.sql,0.437,0.428,0.437,0.435
310.sql,0.236,0.233,0.242,0.241
311.sql,0.060,0.070,0.066,0.058
312.sql,0.099,0.105,0.098,0.098
313.sql,0.104,0.098,0.100,0.098
314.sql,0.114,0.113,0.115,0.112
315.sql,1.636,1.644,1.646,1.641
316.sql,4.487,4.477,4.454,4.557
317.sql,1.180,1.151,1.464,1.206
318.sql,1.337,1.383,1.344,1.343
319.sql,6.663,6.631,6.601,6.617
320.sql,0.103,0.094,0.101,0.097
321.sql,1.456,1.444,1.416,1.453
323.sql,1.809,1.785,1.779,1.789
324.sql,89.308,104.381,90.793,95.849
325.sql,1.231,1.246,1.264,1.248
326.sql,0.810,0.542,0.533,0.535
327.sql,2.565,2.387,1.991,1.988
328.sql,0.656,0.662,0.660,0.662
330.sql,8.689,8.699,4.271,4.608
331.sql,0.391,0.395,0.488,0.391
332.sql,0.066,0.073,0.073,0.067
333.sql,1.672,1.670,1.682,1.667
334.sql,2.815,2.625,4.377,2.667
336.sql,0.137,0.137,0.138,0.138
337.sql,0.347,0.354,0.345,0.349
338.sql,0.141,0.146,0.144,0.151
339.sql,0.198,0.202,0.197,0.197
340.sql,1.578,1.574,1.576,1.575
341.sql,0.265,0.272,0.265,0.270
342.sql,7.631,5.322,5.526,5.360
343.sql,0.625,0.625,0.621,0.620
344.sql,0.153,0.152,0.152,0.159
345.sql,2.030,2.023,2.019,2.014
346.sql,1.470,1.469,1.481,1.474
348.sql,0.337,0.335,0.335,0.337
350.sql,0.755,0.727,0.731,0.734
351.sql,0.151,0.152,0.151,0.151
352.sql,0.149,0.155,0.254,0.152
353.sql,0.688,0.689,0.691,0.686
354.sql,0.228,0.226,0.225,0.226
355.sql,0.596,0.600,0.596,0.599
357.sql,0.150,0.132,0.151,0.188
358.sql,0.504,0.476,0.487,0.489
359.sql,0.222,0.194,0.214,0.219
360.sql,1.073,1.221,0.966,0.916
361.sql,0.141,0.128,0.169,0.158
362.sql,0.193,0.173,0.184,0.140
363.sql,0.112,0.127,0.113,0.118
364.sql,0.144,0.140,0.144,0.146
365.sql,0.665,0.553,0.533,0.568
366.sql,0.505,0.550,0.620,0.551
367.sql,4.300,4.608,4.212,5.665
368.sql,0.069,0.068,0.067,0.155
369.sql,7.630,6.794,6.570,6.479
370.sql,1.339,1.304,1.433,1.412
371.sql,5.663,5.546,5.889,5.882
372.sql,0.165,0.185,0.171,0.198
373.sql,0.141,0.142,0.177,0.129
374.sql,10.863,9.366,10.352,9.451
375.sql,0.116,0.115,0.119,0.125
376.sql,3.670,3.743,3.465,3.394
377.sql,3.691,3.541,3.374,3.585
378.sql,0.100,0.065,0.073,0.106
379.sql,0.977,0.123,0.103,0.103
380.sql,0.135,0.140,0.142,0.167
381.sql,0.107,0.133,0.096,0.108
383.sql,0.084,0.086,0.083,0.072
384.sql,0.978,0.523,0.506,0.515
385.sql,3.540,4.156,3.372,3.301
386.sql,1.399,1.414,1.408,1.410
387.sql,38.877,54.969,36.778,41.591
388.sql,0.213,0.156,0.153,0.155
389.sql,0.761,0.641,0.634,0.654
390.sql,1.557,1.555,1.534,1.605
391.sql,5.065,5.103,5.050,5.470
392.sql,0.253,0.175,0.168,0.170
394.sql,2.574,2.472,2.643,2.654
395.sql,0.115,0.127,0.136,0.109
396.sql,0.077,0.073,0.076,0.068
397.sql,0.141,0.139,0.154,0.131
398.sql,2.283,2.255,2.599,2.249
399.sql,0.102,0.100,0.107,0.104
400.sql,1.298,1.426,1.493,1.265
401.sql,1.318,1.565,1.418,1.388
402.sql,0.165,0.149,0.148,0.127
403.sql,0.097,0.099,0.101,0.099
404.sql,0.117,0.097,0.099,0.094
405.sql,1.446,1.444,1.445,1.441
406.sql,117.034,119.356,117.680,116.898
407.sql,0.080,0.067,0.078,0.076
408.sql,0.456,0.490,0.460,0.459
409.sql,11.123,10.696,13.023,10.714
410.sql,1.095,1.094,1.093,1.093
411.sql,2.845,2.844,2.844,2.840
412.sql,0.140,0.118,0.109,0.107
413.sql,0.103,0.108,0.108,0.108
414.sql,0.450,0.440,0.442,0.463
415.sql,2.507,2.496,2.552,2.487
416.sql,158.991,153.458,172.732,189.501
417.sql,0.697,0.803,0.790,0.756
418.sql,56.501,57.809,57.016,63.949
419.sql,0.736,0.808,0.675,0.670
420.sql,18.530,18.038,19.094,18.059
421.sql,0.868,0.853,0.818,0.839
422.sql,0.719,0.518,0.577,0.559
423.sql,48.409,44.963,45.052,45.983
424.sql,0.129,0.132,0.150,0.133
425.sql,0.129,0.128,0.129,0.126
426.sql,0.077,0.077,0.078,0.078
427.sql,0.133,0.129,0.126,0.129
428.sql,0.163,0.164,0.162,0.164
430.sql,0.110,0.104,0.096,0.103
431.sql,0.173,0.148,0.147,0.129
433.sql,0.289,0.227,0.308,0.331
434.sql,0.147,0.136,0.149,0.145
435.sql,0.556,0.532,0.580,0.521
436.sql,0.111,0.121,0.135,0.150
437.sql,0.345,0.343,0.290,0.281
438.sql,0.435,0.534,0.461,0.433
439.sql,2.911,2.802,2.778,2.756
441.sql,0.144,0.128,0.149,0.146
442.sql,0.352,0.352,0.386,0.390
443.sql,0.319,0.359,0.352,0.312
444.sql,1.133,0.920,1.119,1.011
445.sql,0.063,0.060,0.065,0.061
446.sql,0.703,0.469,0.411,0.582
447.sql,2.205,2.001,2.218,2.153
448.sql,0.765,0.824,0.870,0.962
449.sql,0.133,0.136,0.177,0.139
450.sql,0.298,0.238,0.266,0.290
451.sql,0.094,0.093,0.092,0.095
452.sql,0.830,0.784,0.761,0.720
453.sql,4.589,4.459,5.163,5.327
455.sql,0.733,0.556,0.605,0.573
456.sql,0.244,0.263,0.213,0.243
457.sql,0.687,0.704,0.717,0.775
459.sql,1.724,1.607,1.442,1.494
460.sql,8.335,10.913,7.879,8.212
461.sql,2.271,2.403,2.362,2.401
462.sql,5.545,4.654,5.538,5.367
464.sql,0.331,0.418,0.501,0.366
465.sql,1.057,1.167,1.248,1.190
466.sql,0.371,0.384,0.373,0.366
468.sql,3.560,3.766,3.718,3.753
469.sql,0.117,0.113,0.113,0.113
470.sql,1.858,1.994,2.203,1.906
471.sql,0.076,0.074,0.071,0.072
472.sql,1.545,1.654,1.759,1.578
473.sql,0.108,0.095,0.069,0.073
474.sql,1.515,1.503,1.418,1.288
475.sql,0.136,0.166,0.144,0.151
476.sql,1.788,1.723,1.557,1.615
477.sql,2.593,3.139,2.231,2.992
479.sql,0.350,0.311,0.286,0.220
480.sql,0.158,0.124,0.124,0.127
481.sql,0.104,0.114,0.144,0.112
482.sql,3.109,3.401,3.013,3.000
483.sql,0.279,0.281,0.330,0.251
484.sql,0.195,0.229,0.155,0.188
485.sql,2.307,2.329,2.304,2.310
486.sql,0.416,0.399,0.398,0.493
487.sql,2.712,3.566,2.319,2.549
488.sql,4.325,4.641,4.468,4.659
489.sql,1.827,1.989,1.920,1.847
490.sql,0.282,0.221,0.280,0.229
491.sql,0.167,0.109,0.123,0.175
492.sql,3.425,2.899,2.808,2.833
493.sql,0.258,0.280,0.272,0.275
494.sql,0.585,0.618,0.663,0.756
495.sql,263.792,282.753,270.260,299.892
497.sql,1.225,1.223,1.211,1.218
498.sql,0.075,0.068,0.070,0.071
499.sql,2.126,2.133,2.138,2.135
500.sql,0.905,0.906,1.080,1.023
502.sql,0.431,0.424,0.422,0.614
503.sql,0.140,0.130,0.128,0.132
504.sql,2.579,2.733,2.522,2.485
505.sql,0.132,0.131,0.126,0.129
506.sql,0.117,0.119,0.119,0.117
507.sql,0.526,0.502,0.498,0.501
508.sql,1.134,1.065,1.069,1.069
509.sql,0.572,0.570,0.573,0.569
510.sql,2.758,2.751,5.458,2.781
511.sql,0.728,0.731,0.730,0.730
512.sql,1.456,1.453,1.453,1.460
514.sql,0.846,0.957,0.763,0.710
515.sql,2.583,2.598,2.624,2.638
516.sql,0.214,0.213,0.224,0.257
517.sql,0.913,0.911,0.869,0.962
518.sql,21.427,18.902,18.810,18.810
519.sql,0.368,0.364,0.358,0.363
520.sql,3.607,3.716,3.600,3.617
521.sql,1.381,1.382,1.382,2.254
522.sql,0.507,0.302,0.497,0.290
523.sql,2.513,2.510,2.524,2.517
524.sql,0.416,0.420,0.419,0.419
525.sql,0.152,0.142,0.143,0.136
526.sql,0.128,0.122,0.117,0.127
527.sql,8.161,8.190,8.175,10.660
528.sql,1.069,1.038,1.011,1.014
529.sql,0.112,0.092,0.112,0.096
530.sql,0.414,0.413,0.413,0.447
531.sql,0.868,0.861,0.868,0.875
532.sql,1.759,1.756,1.745,1.711
533.sql,0.101,0.092,0.095,0.095
534.sql,1.446,2.189,1.458,1.448
535.sql,7.020,6.973,6.973,7.119
536.sql,0.457,0.331,0.325,0.322
537.sql,0.362,0.367,0.361,0.365
538.sql,3.184,3.177,3.315,3.340
539.sql,0.566,0.540,0.550,0.519
540.sql,0.058,0.070,0.059,0.059
541.sql,0.701,0.710,0.697,0.714
543.sql,0.161,0.145,0.143,0.144
544.sql,0.476,0.494,0.442,0.535
546.sql,63.957,90.696,17.431,78.509
547.sql,1.958,0.972,1.096,0.953
548.sql,54.460,6.238,6.033,5.220
549.sql,0.909,1.044,1.042,1.057
550.sql,0.109,0.115,0.129,0.079
551.sql,0.276,0.233,0.285,0.256
552.sql,0.144,0.152,0.131,0.114
553.sql,1.349,1.027,1.439,0.935
554.sql,5.888,5.471,9.037,10.873
555.sql,0.116,0.117,0.131,0.136
556.sql,0.121,0.122,0.093,0.091
557.sql,2.099,2.367,2.236,2.416
558.sql,4.658,4.162,3.880,4.318
559.sql,0.152,0.165,0.292,0.180
560.sql,6.764,7.204,7.058,6.932
561.sql,1.546,1.584,1.601,1.591
562.sql,0.140,0.131,0.127,0.153
563.sql,1.543,1.606,1.599,1.837
564.sql,0.148,0.157,0.222,0.249
565.sql,0.077,0.051,0.056,0.051
566.sql,1.332,1.347,1.337,1.324
567.sql,0.109,0.093,0.086,0.082
568.sql,3.579,3.676,3.948,3.312
569.sql,0.189,0.187,0.199,0.196
570.sql,0.142,0.139,0.138,0.137
571.sql,0.290,0.317,0.371,0.338
572.sql,0.516,0.447,0.449,0.458
573.sql,0.196,0.162,0.122,0.144
574.sql,0.621,0.677,0.773,0.722
576.sql,9.118,9.110,8.241,8.693
577.sql,2.767,2.961,3.000,2.863
578.sql,0.539,0.632,0.490,0.507
579.sql,0.559,0.536,0.657,0.530
580.sql,5.067,5.481,4.878,5.401
581.sql,0.265,0.233,0.272,0.238
582.sql,2.746,2.621,2.446,2.563
583.sql,0.238,0.280,0.264,0.236
584.sql,0.108,0.105,0.108,0.111
585.sql,0.549,0.472,0.516,0.505
586.sql,0.112,0.151,0.117,0.118
587.sql,1.220,1.473,1.383,1.220
588.sql,21.740,16.633,23.143,19.864
589.sql,28.231,26.012,23.915,25.363
590.sql,0.672,0.832,0.788,0.634
591.sql,0.505,0.379,0.348,0.355
592.sql,1.813,1.621,1.671,2.036
593.sql,0.074,0.071,0.070,0.072
594.sql,0.397,0.363,0.331,0.373
595.sql,0.140,0.125,0.112,0.109
596.sql,0.312,0.287,0.286,0.331
597.sql,0.091,0.105,0.096,0.100
600.sql,0.261,0.223,0.305,0.237
601.sql,0.147,0.186,0.171,0.155
602.sql,1.098,0.425,0.404,0.421
603.sql,0.160,0.163,0.141,0.131
604.sql,3.955,3.945,4.264,4.153
605.sql,0.334,0.530,0.435,0.388
606.sql,0.166,0.132,0.130,0.212
607.sql,0.181,0.183,0.128,0.141
608.sql,0.099,0.108,0.143,0.159
609.sql,5.661,5.728,5.559,5.728
610.sql,0.082,0.082,0.105,0.082
611.sql,12.289,11.758,13.430,12.240
612.sql,0.290,0.324,0.418,0.257
613.sql,1.538,1.400,1.343,1.380
614.sql,1.550,1.517,1.514,1.802
615.sql,0.735,0.645,0.649,0.585
616.sql,0.528,0.514,0.568,0.562
617.sql,0.066,0.096,0.067,0.092
618.sql,2.116,2.044,1.858,2.112
619.sql,0.636,0.622,0.466,0.428
620.sql,0.959,1.075,1.041,1.105
621.sql,36.766,38.609,37.558,35.328
622.sql,0.096,0.093,0.098,0.141
623.sql,0.440,0.516,0.436,0.396
624.sql,0.215,0.195,0.175,0.178
625.sql,0.230,0.228,0.332,0.245
626.sql,0.943,0.846,0.914,0.982
628.sql,1.972,0.387,0.397,0.326
629.sql,0.540,0.526,0.619,0.613
632.sql,2.779,2.307,2.324,3.482
633.sql,1.234,1.174,1.169,1.087
634.sql,1.716,1.883,2.030,2.012
635.sql,0.294,0.283,0.301,0.325
636.sql,7.664,8.287,7.890,8.467
637.sql,0.181,0.179,0.159,0.161
638.sql,2.695,2.559,2.757,3.396
639.sql,0.252,0.280,0.299,0.346
640.sql,0.724,0.697,0.998,0.737
641.sql,0.496,0.492,0.523,0.607
643.sql,0.192,0.183,0.203,0.169
645.sql,0.582,0.552,0.626,0.607
646.sql,1.068,1.368,1.018,1.106
647.sql,0.268,0.214,0.202,0.231
648.sql,0.690,0.643,0.641,0.858
649.sql,0.196,0.210,0.204,0.208
650.sql,0.109,0.106,0.105,0.103
651.sql,7.318,7.668,8.136,8.216
652.sql,0.145,0.156,0.145,0.150
653.sql,0.166,0.171,0.142,0.164
654.sql,0.222,0.277,0.286,0.267
655.sql,1.979,1.941,1.873,2.050
657.sql,2.025,2.136,2.130,2.228
658.sql,1.171,0.955,1.085,0.886
659.sql,0.144,0.167,0.188,0.177
660.sql,0.610,0.466,0.556,0.461
661.sql,2.937,2.878,3.518,3.081
663.sql,2.149,2.413,2.401,2.317
664.sql,0.194,0.195,0.203,0.164
665.sql,0.866,0.868,0.941,0.842
666.sql,0.141,0.135,0.127,0.134
667.sql,0.915,1.211,0.797,1.028
668.sql,0.580,0.565,0.478,0.546
669.sql,0.432,0.612,0.562,0.695
670.sql,2.490,2.707,2.869,2.960
671.sql,0.201,0.186,0.209,0.212
672.sql,0.894,1.036,1.008,0.896
673.sql,0.692,0.614,0.565,0.562
674.sql,0.131,0.144,0.156,0.167
675.sql,1.479,1.434,1.209,1.015
676.sql,47.998,45.379,45.998,48.021
678.sql,0.161,0.145,0.147,0.159
679.sql,0.081,0.090,0.081,0.078
680.sql,0.712,0.742,0.661,0.602
681.sql,14.433,13.816,15.021,14.830
683.sql,0.517,0.433,0.381,0.410
684.sql,0.117,0.144,0.119,0.155
686.sql,0.804,0.895,0.865,0.885
688.sql,3.300,2.947,3.240,3.294
689.sql,0.117,0.116,0.113,0.115
690.sql,52.382,51.094,50.125,51.180
691.sql,0.259,0.258,0.224,0.262
692.sql,0.610,0.530,0.554,0.502
694.sql,0.639,0.783,0.732,0.670
695.sql,1.496,1.506,1.378,1.590
697.sql,0.193,0.175,0.171,0.165
698.sql,0.525,0.477,0.586,0.493
699.sql,1.747,1.797,1.807,2.012
700.sql,1.207,1.088,1.119,1.066
701.sql,0.592,0.705,0.911,0.900
702.sql,0.994,0.993,0.937,0.928
703.sql,0.109,0.108,0.103,0.102
704.sql,0.074,0.083,0.073,0.074
705.sql,0.745,0.820,0.746,0.616
706.sql,4.951,5.737,5.109,4.974
707.sql,0.186,0.181,0.177,0.172
708.sql,0.149,0.199,0.152,0.189
709.sql,0.233,0.176,0.211,0.232
710.sql,0.105,0.104,0.112,0.099
711.sql,0.171,0.166,0.197,0.197
712.sql,7.629,6.642,6.632,6.309
713.sql,0.608,0.644,0.574,0.645
714.sql,2.735,2.092,2.058,2.065
715.sql,6.842,6.795,6.365,7.735
716.sql,0.724,0.691,0.670,0.636
717.sql,0.682,0.648,0.466,0.453
718.sql,0.125,0.105,0.093,0.121
719.sql,0.197,0.215,0.211,0.171
720.sql,0.181,0.202,0.181,0.207
721.sql,0.140,0.119,0.144,0.148
722.sql,0.140,0.141,0.153,0.159
725.sql,0.242,0.315,0.334,0.250
726.sql,0.292,0.416,0.315,0.334
727.sql,0.489,0.640,0.648,0.642
728.sql,123.399,120.237,120.403,121.776
729.sql,0.097,0.135,0.136,0.133
730.sql,3.096,3.132,2.949,2.387
731.sql,0.082,0.069,0.067,0.065
732.sql,0.145,0.091,0.141,0.190
733.sql,10.790,9.546,10.764,10.468
734.sql,0.611,0.645,0.526,0.508
735.sql,0.871,0.890,0.764,0.679
736.sql,0.195,0.191,0.221,0.214
737.sql,0.610,0.549,0.571,0.597
738.sql,1.264,1.320,1.681,1.617
739.sql,0.769,0.747,0.667,0.748
740.sql,8.488,9.895,10.792,8.808
741.sql,0.666,0.697,0.591,0.691
742.sql,0.171,0.184,0.173,0.178
743.sql,0.238,0.187,0.163,0.202
744.sql,48.674,50.360,48.761,47.214
745.sql,0.096,0.095,0.092,0.095
746.sql,4.187,5.118,4.802,4.514
747.sql,0.228,0.253,0.192,0.263
748.sql,0.161,0.155,0.170,0.166
749.sql,0.185,0.180,0.180,0.141
750.sql,92.193,87.661,90.970,94.152
751.sql,0.413,0.417,0.352,0.378
753.sql,0.717,0.820,0.734,0.732
754.sql,0.107,0.106,0.105,0.108
755.sql,0.872,0.713,0.497,0.679
756.sql,0.232,0.233,0.224,0.232
757.sql,0.094,0.084,0.103,0.118
758.sql,0.644,0.651,0.617,0.637
759.sql,0.201,0.197,0.176,0.174
760.sql,0.614,0.639,0.797,0.751
761.sql,35.872,36.992,34.879,37.925
762.sql,0.048,0.066,0.066,0.069
763.sql,0.910,0.808,0.901,0.763
764.sql,0.629,0.546,0.541,0.537
765.sql,0.271,0.182,0.220,0.245
766.sql,0.058,0.061,0.060,0.066
768.sql,0.632,0.710,0.680,0.750
769.sql,0.100,0.124,0.099,0.081
770.sql,0.159,0.127,0.143,0.149
771.sql,0.649,0.659,0.662,0.703
772.sql,0.222,0.194,0.181,0.188
773.sql,0.062,0.062,0.061,0.061
774.sql,0.099,0.096,0.064,0.094
775.sql,0.199,0.213,0.197,0.197
776.sql,0.974,0.791,1.069,0.802
777.sql,2.764,2.976,2.437,2.793
778.sql,0.289,0.272,0.304,0.308
779.sql,1.842,2.059,2.105,1.942
780.sql,0.056,0.066,0.070,0.065
781.sql,0.183,0.214,0.209,0.197
782.sql,1.843,1.736,1.506,2.060
784.sql,0.664,0.664,0.595,0.599
785.sql,6.111,5.915,6.460,6.108
786.sql,0.064,0.104,0.113,0.111
787.sql,0.564,0.545,0.607,0.607
788.sql,0.137,0.146,0.137,0.140
790.sql,0.348,0.369,0.358,0.348
791.sql,0.788,0.804,0.719,0.803
792.sql,0.151,0.155,0.158,0.154
794.sql,2.690,2.649,2.151,2.447
795.sql,0.610,0.696,0.672,0.675
796.sql,0.289,0.251,0.230,0.286
797.sql,0.125,0.117,0.118,0.122
798.sql,0.156,0.193,0.167,0.186
799.sql,0.955,0.927,1.000,1.003
800.sql,0.601,0.612,0.531,0.617
801.sql,0.548,0.455,0.549,0.496
803.sql,0.066,0.063,0.061,0.067
804.sql,0.708,0.756,0.753,0.763
806.sql,0.306,0.342,0.305,0.357
807.sql,29.243,31.272,29.776,31.954
808.sql,5.659,5.592,5.395,5.833
809.sql,0.925,0.888,0.800,0.915
810.sql,1.202,1.124,1.112,1.244
811.sql,0.196,0.194,0.195,0.175
812.sql,52.429,49.681,50.408,49.683
813.sql,0.200,0.223,0.177,0.136
814.sql,0.120,0.140,0.134,0.123
815.sql,11.716,12.508,10.554,12.234
816.sql,0.068,0.062,0.060,0.068
817.sql,0.566,0.557,0.620,0.510
818.sql,1.826,1.678,1.585,1.455
819.sql,17.357,16.767,17.282,18.641
820.sql,0.214,0.187,0.192,0.199
821.sql,0.791,0.560,0.654,0.612
822.sql,0.863,0.846,0.850,0.765
823.sql,2.972,2.900,3.032,3.076
824.sql,257.035,246.313,251.212,248.795
825.sql,0.147,0.155,0.161,0.160
829.sql,6.440,6.410,6.495,6.518
830.sql,0.124,0.120,0.108,0.119
831.sql,37.824,35.802,36.669,37.334
832.sql,0.247,0.246,0.246,0.250
833.sql,0.144,0.147,0.145,0.139
834.sql,17.326,15.081,14.463,16.899
835.sql,0.580,0.580,0.501,0.526
836.sql,20.062,20.211,20.972,21.086
837.sql,50.787,55.140,53.822,54.104
838.sql,0.167,0.147,0.172,0.162
839.sql,1.170,1.195,0.971,1.190
840.sql,6.150,6.060,5.031,5.888
842.sql,0.528,0.521,0.520,0.520
843.sql,4.982,2.803,4.970,4.973
844.sql,0.741,0.750,0.746,0.743
845.sql,0.187,0.162,0.174,0.153
846.sql,3.027,3.086,3.240,3.277
848.sql,1.785,2.015,1.681,1.688
849.sql,0.231,0.255,0.229,0.231
850.sql,0.635,0.629,0.634,0.648
851.sql,1.591,1.567,1.577,1.570
852.sql,1.247,1.247,1.247,1.251
853.sql,0.196,0.200,0.190,0.189
854.sql,0.128,0.129,0.132,0.137
855.sql,1.422,1.438,1.423,1.469
856.sql,0.190,0.190,0.189,0.188
857.sql,0.839,0.842,0.842,0.841
859.sql,0.844,0.759,0.534,0.534
860.sql,0.341,0.409,0.336,0.336
861.sql,0.181,0.288,0.448,0.181
862.sql,0.970,0.694,0.755,0.824
863.sql,0.964,0.937,0.983,0.910
866.sql,6.523,6.251,6.518,6.514
867.sql,2.053,2.607,1.894,1.662
868.sql,0.183,0.247,0.184,0.515
869.sql,15.981,16.853,16.359,15.872
870.sql,1.453,1.744,1.579,1.752
871.sql,8.685,9.117,8.612,8.284
872.sql,0.842,0.839,0.838,0.837
873.sql,0.065,0.059,0.060,0.059
874.sql,0.062,0.062,0.062,0.062
875.sql,0.230,0.230,0.230,0.230
876.sql,0.230,0.179,0.179,0.182
877.sql,41.088,40.820,41.278,41.593
879.sql,1.893,1.645,2.124,2.024
880.sql,3.154,2.589,2.531,2.605
881.sql,12.430,12.770,13.646,12.995
882.sql,0.438,0.283,0.283,0.283
883.sql,0.736,1.025,1.262,1.294
884.sql,1.443,1.617,1.505,1.609
885.sql,3.835,3.951,3.974,3.536
886.sql,0.458,0.174,0.465,0.369
888.sql,3.802,3.953,4.044,3.895
889.sql,3.484,3.259,3.237,3.440
890.sql,93.947,93.363,89.166,90.544
891.sql,2.461,2.359,2.001,1.996
892.sql,0.220,0.218,0.219,0.425
893.sql,6.023,5.959,6.210,6.300
894.sql,1.115,1.103,1.008,1.152
895.sql,0.623,0.277,0.489,0.514
896.sql,3.140,2.847,2.967,2.867
897.sql,3.189,3.283,3.255,3.567
898.sql,0.298,0.430,0.421,0.172
900.sql,0.871,0.629,0.305,0.627
901.sql,0.410,0.445,0.389,0.336
902.sql,0.698,0.262,0.275,0.645
903.sql,36.150,37.924,35.910,34.799
904.sql,0.452,0.455,0.511,0.164
905.sql,29.666,29.464,31.260,29.534
906.sql,1.289,1.151,1.335,1.736
907.sql,31.438,29.686,28.962,30.620
908.sql,0.878,0.909,1.091,0.692
909.sql,6.051,5.665,6.593,5.514
910.sql,1.142,1.071,1.159,0.903
911.sql,3.174,3.741,3.270,4.266
912.sql,3.598,3.917,3.611,3.629
913.sql,7.376,7.885,8.525,8.160
915.sql,0.473,0.491,0.485,0.232
916.sql,1.889,0.681,1.640,0.746
917.sql,0.335,0.564,0.236,0.352
918.sql,0.272,0.675,0.352,0.450
919.sql,0.245,0.503,0.528,0.442
920.sql,0.829,0.693,0.593,0.592
921.sql,0.678,0.507,0.992,0.852
922.sql,0.503,0.519,0.467,0.449
923.sql,0.887,0.715,0.931,0.847
924.sql,0.121,0.429,0.317,0.123
925.sql,0.980,0.647,0.688,0.700
926.sql,4.501,4.795,4.931,4.355
927.sql,2.356,2.052,2.339,2.034
928.sql,0.455,0.464,0.351,0.459
929.sql,1.177,0.957,1.041,1.164
930.sql,0.799,1.070,1.167,1.607
931.sql,2.905,2.863,2.963,3.135
932.sql,3.470,3.001,3.655,3.454
933.sql,0.288,0.339,0.301,0.167
934.sql,3.330,2.881,3.067,3.113
935.sql,0.170,0.171,0.475,0.172
936.sql,1.108,1.462,1.164,1.354
937.sql,1.939,2.033,2.176,2.033
938.sql,5.880,6.114,6.321,5.656
939.sql,0.213,0.157,0.296,0.271
940.sql,0.949,0.653,0.769,0.806
941.sql,0.577,0.547,0.438,0.308
942.sql,1.139,0.959,1.218,1.132
943.sql,0.754,0.707,0.682,0.476
944.sql,3.154,3.084,3.041,3.062
945.sql,0.979,1.089,0.875,0.977
946.sql,2.744,3.127,3.264,3.078
947.sql,0.758,0.439,0.875,0.594
948.sql,7.143,6.955,7.031,6.950
949.sql,0.314,0.242,0.235,0.095
950.sql,0.306,0.224,0.416,0.190
951.sql,0.262,0.223,0.447,0.133
952.sql,0.281,0.483,0.275,0.327
954.sql,2.270,2.274,2.210,2.064
955.sql,0.305,0.479,0.393,0.171
956.sql,8.723,7.807,8.701,8.163
957.sql,0.242,0.462,0.241,0.464
958.sql,0.172,0.135,0.363,0.392
959.sql,0.477,0.280,0.209,0.647
960.sql,1.802,1.598,1.861,2.093
961.sql,1.322,1.212,1.101,1.112
962.sql,0.241,0.315,0.324,0.387
963.sql,1.169,0.991,0.975,1.164
964.sql,3.378,3.106,3.529,2.927
965.sql,0.453,0.389,0.223,0.193
966.sql,3.504,3.205,3.380,3.024
967.sql,0.926,0.966,1.137,0.870
968.sql,3.190,0.222,0.194,0.471
969.sql,3.134,3.198,3.603,3.102
970.sql,0.392,0.467,0.470,0.131
971.sql,4.365,4.659,4.703,4.427
972.sql,1.644,2.075,1.950,1.723
973.sql,0.162,0.194,0.407,0.283
974.sql,1.019,1.057,0.990,1.204
975.sql,0.519,0.499,0.337,0.426
976.sql,1.409,1.563,1.380,1.104
978.sql,1.414,1.521,1.352,1.310
981.sql,6.479,6.041,6.041,5.716
983.sql,1.647,1.757,1.757,1.837
984.sql,3.215,2.494,3.414,2.763
985.sql,2.095,2.173,1.699,1.732
987.sql,2.099,1.944,2.671,2.425
988.sql,0.529,0.662,0.749,0.353
989.sql,7.065,6.715,7.964,7.142
991.sql,0.559,0.488,0.421,0.478
992.sql,0.271,0.216,0.349,0.373
993.sql,0.255,0.299,0.341,0.190
994.sql,26.999,27.050,26.201,27.096
995.sql,11.782,7.635,7.168,7.996
996.sql,0.534,0.452,0.253,0.514
997.sql,2.803,3.288,2.818,3.290
998.sql,0.420,0.336,0.187,0.190