filename,execution_time
1.sql,4.441666666666666
2.sql,0.08966666666666667
3.sql,0.9643333333333333
4.sql,0.9683333333333333
5.sql,3.8813333333333335
6.sql,4.684
7.sql,0.17033333333333334
8.sql,0.6066666666666666
9.sql,0.09000000000000001
10.sql,0.5053333333333333
11.sql,0.14
14.sql,0.30866666666666664
15.sql,1.305
17.sql,3.0716666666666668
18.sql,0.20033333333333334
19.sql,0.14866666666666664
20.sql,0.1413333333333333
21.sql,1.6743333333333332
22.sql,1.8743333333333332
23.sql,4.058333333333334
24.sql,2.635333333333333
25.sql,0.6553333333333333
26.sql,0.25466666666666665
27.sql,1.603
28.sql,0.632
29.sql,0.4243333333333333
30.sql,3.1343333333333336
31.sql,0.7726666666666667
32.sql,0.44966666666666666
33.sql,0.608
34.sql,1.0893333333333335
35.sql,1.9740000000000002
36.sql,1.816
37.sql,2.329
38.sql,29.670666666666666
39.sql,0.145
40.sql,0.16066666666666665
41.sql,14.210666666666668
42.sql,1.275
43.sql,0.47300000000000003
44.sql,0.14666666666666664
45.sql,6.332666666666667
46.sql,2.1173333333333333
47.sql,0.20299999999999999
48.sql,0.08366666666666667
50.sql,0.19600000000000004
51.sql,1.8543333333333336
52.sql,3.6123333333333334
53.sql,0.135
54.sql,4.843666666666667
55.sql,0.09866666666666668
56.sql,23.795
57.sql,0.15433333333333332
58.sql,0.15100000000000002
59.sql,0.25233333333333335
60.sql,2.8033333333333332
61.sql,0.08800000000000001
62.sql,0.13533333333333333
63.sql,0.46366666666666667
64.sql,0.9463333333333334
65.sql,1.0006666666666666
66.sql,0.25833333333333336
67.sql,4.749333333333333
68.sql,0.5846666666666667
69.sql,54.958
70.sql,0.2373333333333333
71.sql,0.15533333333333332
72.sql,0.113
73.sql,0.7133333333333333
76.sql,1.7443333333333335
77.sql,1.6206666666666667
78.sql,0.5910000000000001
80.sql,0.13033333333333333
81.sql,0.35666666666666663
82.sql,0.45366666666666666
84.sql,3.831
85.sql,0.09266666666666667
86.sql,2.2143333333333333
87.sql,1.1766666666666667
88.sql,43.879
89.sql,0.587
90.sql,1.2006666666666665
91.sql,0.8816666666666667
92.sql,0.050333333333333334
93.sql,0.11866666666666666
94.sql,0.056999999999999995
95.sql,1.5519999999999998
97.sql,0.09433333333333334
99.sql,0.686
100.sql,0.5493333333333333
101.sql,0.09500000000000001
102.sql,0.10633333333333334
103.sql,0.3853333333333333
104.sql,0.09633333333333334
105.sql,0.9703333333333334
106.sql,2.4843333333333333
107.sql,0.103
108.sql,2.498666666666667
110.sql,0.47700000000000004
111.sql,2.760333333333333
112.sql,0.9933333333333333
113.sql,2.1999999999999997
114.sql,0.45333333333333337
115.sql,0.07666666666666666
116.sql,0.7503333333333333
117.sql,0.129
118.sql,2.3946666666666663
119.sql,0.9793333333333333
120.sql,0.4506666666666667
121.sql,6.063666666666667
122.sql,0.9369999999999999
123.sql,0.12533333333333332
124.sql,0.4749999999999999
125.sql,0.4326666666666667
126.sql,0.8833333333333333
127.sql,2.5776666666666666
128.sql,2.986
129.sql,4.315333333333332
130.sql,0.1723333333333333
131.sql,0.5293333333333333
132.sql,0.14
133.sql,0.069
134.sql,22.481666666666666
135.sql,0.10833333333333334
136.sql,0.08933333333333333
139.sql,1.303
140.sql,0.36566666666666664
141.sql,1.5003333333333335
142.sql,1.046
143.sql,0.108
144.sql,0.5676666666666667
145.sql,0.139
146.sql,0.4163333333333333
147.sql,5.181333333333334
148.sql,16.437
149.sql,6.124
150.sql,0.899
151.sql,0.37666666666666665
152.sql,2.118
153.sql,1.639
154.sql,0.04766666666666667
155.sql,3.962666666666667
156.sql,0.626
158.sql,0.142
159.sql,0.439
160.sql,0.18600000000000003
161.sql,0.26633333333333337
162.sql,1.777
163.sql,0.18133333333333335
164.sql,0.517
165.sql,2.0043333333333333
166.sql,0.10066666666666668
167.sql,0.6756666666666667
168.sql,0.08700000000000001
169.sql,1.2096666666666664
171.sql,6.053999999999999
172.sql,0.12266666666666666
173.sql,48.677
174.sql,0.09500000000000001
175.sql,5.000666666666667
176.sql,0.14833333333333332
177.sql,0.12266666666666666
178.sql,0.569
179.sql,0.695
180.sql,0.10966666666666668
181.sql,0.1426666666666667
183.sql,0.13999999999999999
184.sql,0.11166666666666668
185.sql,0.09500000000000001
186.sql,2.0003333333333333
187.sql,2.6186666666666665
188.sql,0.07033333333333334
189.sql,0.09400000000000001
190.sql,0.3993333333333333
191.sql,0.4323333333333333
192.sql,1.2983333333333333
194.sql,0.046000000000000006
195.sql,0.26633333333333337
196.sql,0.4246666666666667
197.sql,0.9586666666666667
198.sql,0.128
199.sql,1.202
200.sql,0.5453333333333333
201.sql,0.17500000000000002
202.sql,1.9306666666666665
203.sql,0.079
204.sql,0.15033333333333332
205.sql,0.11533333333333333
206.sql,0.11133333333333333
207.sql,7.677333333333333
208.sql,0.12566666666666668
209.sql,0.35733333333333334
210.sql,0.04900000000000001
211.sql,0.15033333333333332
212.sql,0.09366666666666668
213.sql,0.10166666666666668
214.sql,1.8853333333333333
215.sql,0.11499999999999999
216.sql,0.128
217.sql,9.379
218.sql,0.13366666666666668
219.sql,0.13733333333333334
221.sql,1.6936666666666669
222.sql,2.7290000000000005
223.sql,0.12566666666666668
224.sql,0.265
225.sql,0.9039999999999999
226.sql,0.10466666666666667
227.sql,0.13133333333333333
228.sql,0.134
229.sql,1.218
230.sql,3.0749999999999997
231.sql,0.11499999999999999
232.sql,0.39066666666666666
233.sql,0.634
234.sql,0.119
235.sql,1.4243333333333332
237.sql,0.11033333333333334
238.sql,0.19933333333333336
239.sql,0.118
240.sql,1.788
241.sql,0.3516666666666666
242.sql,0.6626666666666667
243.sql,0.06866666666666667
244.sql,0.07300000000000001
245.sql,1.3386666666666667
246.sql,0.443
247.sql,0.046000000000000006
248.sql,0.07733333333333332
249.sql,0.13733333333333334
250.sql,2.481333333333333
251.sql,2.864666666666667
252.sql,0.14133333333333334
253.sql,2.3793333333333333
254.sql,0.133
255.sql,1.0553333333333332
256.sql,0.12066666666666666
257.sql,0.5316666666666667
258.sql,0.529
259.sql,0.14133333333333334
260.sql,4.7203333333333335
261.sql,0.11666666666666665
262.sql,12.658666666666667
263.sql,0.052
264.sql,3.4283333333333332
265.sql,0.242
266.sql,1.6929999999999998
267.sql,8.213333333333333
268.sql,0.4403333333333333
269.sql,0.4243333333333333
271.sql,1.0863333333333334
272.sql,3.0363333333333333
273.sql,4.372666666666667
274.sql,0.222
275.sql,0.2343333333333333
276.sql,0.3413333333333333
277.sql,0.20166666666666666
278.sql,25.394333333333332
279.sql,2.0766666666666667
280.sql,0.08600000000000001
283.sql,0.8276666666666666
284.sql,0.3986666666666667
285.sql,1.3559999999999999
286.sql,1.3676666666666666
287.sql,1.2180000000000002
289.sql,0.13533333333333333
290.sql,2.2533333333333334
291.sql,5.509333333333333
292.sql,0.5476666666666667
293.sql,0.1386666666666667
294.sql,0.17533333333333334
295.sql,0.17833333333333332
296.sql,0.11566666666666668
297.sql,1.244
298.sql,0.9540000000000001
299.sql,2.9296666666666664
300.sql,0.209
301.sql,0.127
302.sql,0.14766666666666664
303.sql,1.393
304.sql,0.6133333333333333
305.sql,1.641
306.sql,6.573666666666667
307.sql,0.12
309.sql,0.43333333333333335
310.sql,0.23866666666666667
311.sql,0.06466666666666666
312.sql,0.10033333333333334
313.sql,0.09866666666666668
314.sql,0.11333333333333334
315.sql,1.6436666666666666
316.sql,4.496
317.sql,1.2736666666666667
318.sql,1.3566666666666667
319.sql,6.616333333333333
320.sql,0.09733333333333334
321.sql,1.4376666666666666
323.sql,1.7843333333333333
324.sql,97.00766666666668
325.sql,1.2526666666666666
326.sql,0.5366666666666667
327.sql,2.122
328.sql,0.6613333333333333
330.sql,5.859333333333333
331.sql,0.4246666666666667
332.sql,0.071
333.sql,1.673
334.sql,3.2230000000000003
336.sql,0.1376666666666667
337.sql,0.34933333333333333
338.sql,0.147
339.sql,0.19866666666666669
340.sql,1.5750000000000002
341.sql,0.269
342.sql,5.402666666666666
343.sql,0.622
344.sql,0.15433333333333332
345.sql,2.0186666666666664
346.sql,1.4746666666666668
348.sql,0.3356666666666667
350.sql,0.7306666666666667
351.sql,0.15133333333333332
352.sql,0.18700000000000003
353.sql,0.6886666666666666
354.sql,0.22566666666666668
355.sql,0.5983333333333333
357.sql,0.157
358.sql,0.484
359.sql,0.209
360.sql,1.0343333333333333
361.sql,0.1516666666666667
362.sql,0.16566666666666666
363.sql,0.11933333333333333
364.sql,0.14333333333333334
365.sql,0.5513333333333333
366.sql,0.5736666666666667
367.sql,4.828333333333333
368.sql,0.09666666666666668
369.sql,6.614333333333334
370.sql,1.383
371.sql,5.772333333333333
372.sql,0.18466666666666667
373.sql,0.14933333333333332
374.sql,9.723
375.sql,0.11966666666666666
376.sql,3.5340000000000003
377.sql,3.5
378.sql,0.08133333333333333
379.sql,0.10966666666666665
380.sql,0.1496666666666667
381.sql,0.11233333333333334
383.sql,0.08033333333333333
384.sql,0.5146666666666667
385.sql,3.609666666666667
386.sql,1.4106666666666667
387.sql,44.446
388.sql,0.15466666666666665
389.sql,0.6429999999999999
390.sql,1.5646666666666667
391.sql,5.2076666666666656
392.sql,0.171
394.sql,2.5896666666666666
395.sql,0.124
396.sql,0.07233333333333333
397.sql,0.14133333333333334
398.sql,2.3676666666666666
399.sql,0.10366666666666667
400.sql,1.3946666666666667
401.sql,1.4569999999999999
402.sql,0.14133333333333334
403.sql,0.09966666666666668
404.sql,0.09666666666666668
405.sql,1.4433333333333334
406.sql,117.978
407.sql,0.07366666666666667
408.sql,0.4696666666666667
409.sql,11.477666666666666
410.sql,1.0933333333333335
411.sql,2.8426666666666662
412.sql,0.11133333333333333
413.sql,0.108
414.sql,0.4483333333333333
415.sql,2.5116666666666667
416.sql,171.89700000000002
417.sql,0.783
418.sql,59.59133333333333
419.sql,0.7176666666666667
420.sql,18.397000000000002
421.sql,0.8366666666666666
422.sql,0.5513333333333333
423.sql,45.33266666666666
424.sql,0.13833333333333334
425.sql,0.12766666666666668
426.sql,0.07766666666666666
427.sql,0.128
428.sql,0.16333333333333333
430.sql,0.10099999999999999
431.sql,0.14133333333333334
433.sql,0.2886666666666667
434.sql,0.14333333333333334
435.sql,0.5443333333333333
436.sql,0.13533333333333333
437.sql,0.3046666666666667
438.sql,0.47600000000000003
439.sql,2.7786666666666666
441.sql,0.14100000000000001
442.sql,0.37600000000000006
443.sql,0.34099999999999997
444.sql,1.0166666666666666
445.sql,0.062
446.sql,0.48733333333333323
447.sql,2.124
448.sql,0.8853333333333332
449.sql,0.15066666666666667
450.sql,0.26466666666666666
451.sql,0.09333333333333334
452.sql,0.7549999999999999
453.sql,4.983
455.sql,0.578
456.sql,0.23966666666666667
457.sql,0.7319999999999999
459.sql,1.5143333333333333
460.sql,9.001333333333333
461.sql,2.388666666666667
462.sql,5.186333333333334
464.sql,0.4283333333333334
465.sql,1.2016666666666667
466.sql,0.37433333333333335
468.sql,3.7456666666666667
469.sql,0.113
470.sql,2.034333333333333
471.sql,0.07233333333333332
472.sql,1.6636666666666666
473.sql,0.079
474.sql,1.4029999999999998
475.sql,0.15366666666666665
476.sql,1.6316666666666668
477.sql,2.7873333333333328
479.sql,0.2723333333333333
480.sql,0.125
481.sql,0.12333333333333334
482.sql,3.138
483.sql,0.28733333333333333
484.sql,0.19066666666666668
485.sql,2.3143333333333334
486.sql,0.43
487.sql,2.8113333333333332
488.sql,4.589333333333333
489.sql,1.9186666666666667
490.sql,0.24333333333333332
491.sql,0.13566666666666666
492.sql,2.8466666666666662
493.sql,0.27566666666666667
494.sql,0.6789999999999999
495.sql,284.3016666666667
497.sql,1.2173333333333334
498.sql,0.06966666666666667
499.sql,2.135333333333333
500.sql,1.0030000000000001
502.sql,0.48666666666666664
503.sql,0.13
504.sql,2.58
505.sql,0.12866666666666668
506.sql,0.11833333333333333
507.sql,0.5003333333333333
508.sql,1.0676666666666665
509.sql,0.5706666666666665
510.sql,3.6633333333333336
511.sql,0.7303333333333333
512.sql,1.4553333333333331
514.sql,0.8099999999999999
515.sql,2.6199999999999997
516.sql,0.2313333333333333
517.sql,0.914
518.sql,18.840666666666667
519.sql,0.36166666666666664
520.sql,3.6443333333333334
521.sql,1.6726666666666665
522.sql,0.363
523.sql,2.517
524.sql,0.41933333333333334
525.sql,0.14033333333333334
526.sql,0.122
527.sql,9.008333333333335
528.sql,1.021
529.sql,0.10000000000000002
530.sql,0.4243333333333333
531.sql,0.868
532.sql,1.7373333333333336
533.sql,0.09400000000000001
534.sql,1.6983333333333335
535.sql,7.021666666666666
536.sql,0.326
537.sql,0.36433333333333334
538.sql,3.2773333333333334
539.sql,0.5363333333333333
540.sql,0.06266666666666666
541.sql,0.707
543.sql,0.144
544.sql,0.49033333333333334
546.sql,62.211999999999996
547.sql,1.007
548.sql,5.830333333333333
549.sql,1.0476666666666667
550.sql,0.10766666666666667
551.sql,0.258
552.sql,0.13233333333333333
553.sql,1.1336666666666668
554.sql,8.460333333333333
555.sql,0.128
556.sql,0.102
557.sql,2.3396666666666666
558.sql,4.12
559.sql,0.21233333333333335
560.sql,7.0646666666666675
561.sql,1.5919999999999999
562.sql,0.137
563.sql,1.6806666666666665
564.sql,0.20933333333333334
565.sql,0.05266666666666667
566.sql,1.336
567.sql,0.08700000000000001
568.sql,3.6453333333333333
569.sql,0.19400000000000003
570.sql,0.138
571.sql,0.342
572.sql,0.45133333333333336
573.sql,0.1426666666666667
574.sql,0.7240000000000001
576.sql,8.681333333333333
577.sql,2.941333333333333
578.sql,0.543
579.sql,0.5743333333333334
580.sql,5.253333333333333
581.sql,0.24766666666666667
582.sql,2.5433333333333334
583.sql,0.26
584.sql,0.108
585.sql,0.49766666666666665
586.sql,0.12866666666666668
587.sql,1.3586666666666665
588.sql,19.88
589.sql,25.096666666666664
590.sql,0.7513333333333333
591.sql,0.36066666666666664
592.sql,1.7759999999999998
593.sql,0.07100000000000001
594.sql,0.35566666666666663
595.sql,0.11533333333333333
596.sql,0.3013333333333333
597.sql,0.10033333333333334
600.sql,0.255
601.sql,0.17066666666666666
602.sql,0.4166666666666667
603.sql,0.145
604.sql,4.120666666666666
605.sql,0.45100000000000007
606.sql,0.158
607.sql,0.15066666666666664
608.sql,0.1366666666666667
609.sql,5.671666666666667
610.sql,0.08966666666666667
611.sql,12.475999999999999
612.sql,0.333
613.sql,1.3743333333333332
614.sql,1.611
615.sql,0.6263333333333333
616.sql,0.5479999999999999
617.sql,0.085
618.sql,2.0046666666666666
619.sql,0.5053333333333333
620.sql,1.0736666666666665
621.sql,37.165
622.sql,0.11066666666666665
623.sql,0.4493333333333333
624.sql,0.18266666666666667
625.sql,0.26833333333333337
626.sql,0.914
628.sql,0.37000000000000005
629.sql,0.586
632.sql,2.704333333333333
633.sql,1.1433333333333333
634.sql,1.9749999999999999
635.sql,0.303
636.sql,8.214666666666666
637.sql,0.16633333333333333
638.sql,2.904
639.sql,0.3083333333333333
640.sql,0.8106666666666666
641.sql,0.5406666666666667
643.sql,0.18500000000000003
645.sql,0.595
646.sql,1.164
647.sql,0.21566666666666667
648.sql,0.714
649.sql,0.20733333333333334
650.sql,0.10466666666666667
651.sql,8.006666666666666
652.sql,0.15033333333333332
653.sql,0.159
654.sql,0.27666666666666667
655.sql,1.9546666666666666
657.sql,2.1646666666666667
658.sql,0.9753333333333334
659.sql,0.17733333333333334
660.sql,0.49433333333333335
661.sql,3.1590000000000003
663.sql,2.3770000000000002
664.sql,0.18733333333333335
665.sql,0.8836666666666666
666.sql,0.132
667.sql,1.012
668.sql,0.5296666666666666
669.sql,0.6229999999999999
670.sql,2.845333333333334
671.sql,0.20233333333333334
672.sql,0.98
673.sql,0.5803333333333333
674.sql,0.15566666666666665
675.sql,1.2193333333333332
676.sql,46.466
678.sql,0.15033333333333332
679.sql,0.083
680.sql,0.6683333333333333
681.sql,14.555666666666667
683.sql,0.408
684.sql,0.13933333333333334
686.sql,0.8816666666666667
688.sql,3.1603333333333334
689.sql,0.11466666666666668
690.sql,50.79966666666667
691.sql,0.248
692.sql,0.5286666666666667
694.sql,0.7283333333333334
695.sql,1.4913333333333334
697.sql,0.17033333333333334
698.sql,0.5186666666666667
699.sql,1.8719999999999999
700.sql,1.091
701.sql,0.8386666666666667
702.sql,0.9526666666666667
703.sql,0.10433333333333333
704.sql,0.07666666666666666
705.sql,0.7273333333333333
706.sql,5.273333333333333
707.sql,0.17666666666666667
708.sql,0.18000000000000002
709.sql,0.20633333333333334
710.sql,0.105
711.sql,0.18666666666666668
712.sql,6.527666666666668
713.sql,0.621
714.sql,2.0716666666666668
715.sql,6.965
716.sql,0.6656666666666666
717.sql,0.5223333333333334
718.sql,0.10633333333333334
719.sql,0.19899999999999998
720.sql,0.19666666666666666
721.sql,0.137
722.sql,0.151
725.sql,0.2996666666666667
726.sql,0.355
727.sql,0.6433333333333334
728.sql,120.80533333333334
729.sql,0.13466666666666668
730.sql,2.8226666666666667
731.sql,0.067
732.sql,0.14066666666666666
733.sql,10.259333333333332
734.sql,0.5596666666666666
735.sql,0.7776666666666667
736.sql,0.20866666666666667
737.sql,0.5723333333333334
738.sql,1.5393333333333334
739.sql,0.7206666666666667
740.sql,9.831666666666665
741.sql,0.6596666666666665
742.sql,0.17833333333333332
743.sql,0.18400000000000002
744.sql,48.778333333333336
745.sql,0.09400000000000001
746.sql,4.811333333333334
747.sql,0.236
748.sql,0.16366666666666665
749.sql,0.167
750.sql,90.92766666666667
751.sql,0.38233333333333325
753.sql,0.7619999999999999
754.sql,0.10633333333333334
755.sql,0.6296666666666667
756.sql,0.22966666666666669
757.sql,0.10166666666666667
758.sql,0.635
759.sql,0.18233333333333332
760.sql,0.729
761.sql,36.59866666666667
762.sql,0.067
763.sql,0.824
764.sql,0.5413333333333333
765.sql,0.21566666666666667
766.sql,0.06233333333333333
768.sql,0.7133333333333334
769.sql,0.10133333333333333
770.sql,0.1396666666666667
771.sql,0.6746666666666666
772.sql,0.18766666666666665
773.sql,0.06133333333333333
774.sql,0.08466666666666667
775.sql,0.20233333333333334
776.sql,0.8873333333333333
777.sql,2.735333333333333
778.sql,0.2946666666666667
779.sql,2.0353333333333334
780.sql,0.067
781.sql,0.20666666666666667
782.sql,1.7673333333333332
784.sql,0.6193333333333333
785.sql,6.1610000000000005
786.sql,0.10933333333333334
787.sql,0.5863333333333334
788.sql,0.14100000000000001
790.sql,0.35833333333333334
791.sql,0.7753333333333333
792.sql,0.15566666666666665
794.sql,2.4156666666666666
795.sql,0.681
796.sql,0.25566666666666665
797.sql,0.119
798.sql,0.18200000000000002
799.sql,0.9766666666666666
800.sql,0.5866666666666667
801.sql,0.5
803.sql,0.06366666666666666
804.sql,0.7573333333333333
806.sql,0.33466666666666667
807.sql,31.00066666666667
808.sql,5.6066666666666665
809.sql,0.8676666666666667
810.sql,1.1600000000000001
811.sql,0.18800000000000003
812.sql,49.924
813.sql,0.17866666666666667
814.sql,0.13233333333333333
815.sql,11.765333333333333
816.sql,0.06333333333333334
817.sql,0.5623333333333334
818.sql,1.5726666666666667
819.sql,17.563333333333333
820.sql,0.19266666666666668
821.sql,0.6086666666666667
822.sql,0.8203333333333332
823.sql,3.002666666666667
824.sql,248.7733333333333
825.sql,0.15866666666666665
829.sql,6.474333333333334
830.sql,0.11566666666666665
831.sql,36.60166666666667
832.sql,0.24733333333333332
833.sql,0.14366666666666666
834.sql,15.481
835.sql,0.5356666666666666
836.sql,20.756333333333334
837.sql,54.355333333333334
838.sql,0.16033333333333333
839.sql,1.1186666666666667
840.sql,5.659666666666666
842.sql,0.5203333333333333
843.sql,4.248666666666666
844.sql,0.7463333333333333
845.sql,0.163
846.sql,3.2010000000000005
848.sql,1.7946666666666669
849.sql,0.2383333333333333
850.sql,0.637
851.sql,1.5713333333333335
852.sql,1.2483333333333333
853.sql,0.19299999999999998
854.sql,0.13266666666666668
855.sql,1.4433333333333334
856.sql,0.18899999999999997
857.sql,0.8416666666666667
859.sql,0.6090000000000001
860.sql,0.36033333333333334
861.sql,0.3056666666666667
862.sql,0.7576666666666666
863.sql,0.9433333333333334
866.sql,6.427666666666667
867.sql,2.0543333333333336
868.sql,0.3153333333333333
869.sql,16.361333333333334
870.sql,1.6916666666666667
871.sql,8.671
872.sql,0.8380000000000001
873.sql,0.05933333333333333
874.sql,0.062
875.sql,0.23
876.sql,0.18000000000000002
877.sql,41.230333333333334
879.sql,1.931
880.sql,2.5749999999999997
881.sql,13.137
882.sql,0.283
883.sql,1.1936666666666667
884.sql,1.577
885.sql,3.8203333333333336
886.sql,0.336
888.sql,3.964
889.sql,3.312
890.sql,91.02433333333333
891.sql,2.1186666666666665
892.sql,0.28733333333333333
893.sql,6.156333333333333
894.sql,1.0876666666666666
895.sql,0.4266666666666667
896.sql,2.893666666666667
897.sql,3.3683333333333336
898.sql,0.34099999999999997
900.sql,0.5203333333333333
901.sql,0.39000000000000007
902.sql,0.39399999999999996
903.sql,36.211000000000006
904.sql,0.37666666666666665
905.sql,30.086000000000002
906.sql,1.407333333333333
907.sql,29.756
908.sql,0.8973333333333334
909.sql,5.9239999999999995
910.sql,1.0443333333333333
911.sql,3.7590000000000003
912.sql,3.719
913.sql,8.19
915.sql,0.4026666666666667
916.sql,1.0223333333333333
917.sql,0.38399999999999995
918.sql,0.49233333333333335
919.sql,0.49100000000000005
920.sql,0.626
921.sql,0.7836666666666666
922.sql,0.47833333333333333
923.sql,0.831
924.sql,0.2896666666666667
925.sql,0.6783333333333333
926.sql,4.693666666666666
927.sql,2.1416666666666666
928.sql,0.4246666666666667
929.sql,1.054
930.sql,1.2813333333333334
931.sql,2.987
932.sql,3.3699999999999997
933.sql,0.269
934.sql,3.0203333333333333
935.sql,0.27266666666666667
936.sql,1.3266666666666667
937.sql,2.080666666666666
938.sql,6.030333333333332
939.sql,0.24133333333333332
940.sql,0.7426666666666667
941.sql,0.43100000000000005
942.sql,1.103
943.sql,0.6216666666666667
944.sql,3.062333333333333
945.sql,0.9803333333333333
946.sql,3.156333333333333
947.sql,0.636
948.sql,6.978666666666666
949.sql,0.19066666666666665
950.sql,0.27666666666666667
951.sql,0.26766666666666666
952.sql,0.36166666666666664
954.sql,2.1826666666666665
955.sql,0.3476666666666666
956.sql,8.223666666666668
957.sql,0.389
958.sql,0.2966666666666667
959.sql,0.3786666666666667
960.sql,1.8506666666666665
961.sql,1.1416666666666666
962.sql,0.342
963.sql,1.0433333333333332
964.sql,3.187333333333333
965.sql,0.2683333333333333
966.sql,3.203
967.sql,0.991
968.sql,0.2956666666666667
969.sql,3.301
970.sql,0.35600000000000004
971.sql,4.596333333333333
972.sql,1.9160000000000001
973.sql,0.29466666666666663
974.sql,1.0836666666666666
975.sql,0.4206666666666667
976.sql,1.349
978.sql,1.3943333333333332
981.sql,5.932666666666667
983.sql,1.7836666666666667
984.sql,2.890333333333333
985.sql,1.868
987.sql,2.3466666666666667
988.sql,0.588
989.sql,7.273666666666667
991.sql,0.4623333333333333
992.sql,0.31266666666666665
993.sql,0.27666666666666667
994.sql,26.782333333333337
995.sql,7.599666666666667
996.sql,0.4063333333333334
997.sql,3.132
998.sql,0.2376666666666667
1001.sql,0.3996666666666666
1002.sql,0.6113333333333333
1003.sql,14.356333333333334
1004.sql,1.3043333333333333
1005.sql,0.17366666666666666
1006.sql,0.13166666666666668
1007.sql,0.10100000000000002
1008.sql,0.09500000000000001
1009.sql,0.106
1010.sql,0.20299999999999999
1011.sql,2.1693333333333333
1012.sql,5.695
1013.sql,0.13133333333333333
1014.sql,0.379
1015.sql,1.5810000000000002
1016.sql,0.4166666666666667
1017.sql,2.046666666666667
1018.sql,0.24433333333333332
1020.sql,3.5873333333333335
1021.sql,0.09933333333333333
1022.sql,0.13
1023.sql,0.7999999999999999
1024.sql,0.38166666666666665
1025.sql,2.3296666666666668
1026.sql,0.40666666666666673
1027.sql,0.617
1028.sql,3.5406666666666666
1029.sql,0.338
1031.sql,0.5963333333333333
1032.sql,0.13833333333333334
1033.sql,0.17933333333333334
1034.sql,0.22533333333333336
1035.sql,0.154
1036.sql,0.2313333333333333
1037.sql,0.47000000000000003
1038.sql,240.47566666666668
1039.sql,0.078
1040.sql,0.5539999999999999
1041.sql,0.4613333333333334
1042.sql,0.37666666666666665
1043.sql,0.3383333333333334
1044.sql,0.7733333333333333
1045.sql,2.6153333333333335
1046.sql,2.0613333333333332
1047.sql,0.123
1048.sql,2.322333333333333
1049.sql,0.1406666666666667
1050.sql,1.068
1051.sql,0.17066666666666666
1052.sql,0.2743333333333333
1053.sql,0.18066666666666667
1054.sql,1.265
1056.sql,0.11833333333333333
1057.sql,0.7813333333333334
1058.sql,0.9543333333333334
1060.sql,0.5016666666666667
1061.sql,0.12766666666666668
1062.sql,0.15833333333333333
1063.sql,0.36966666666666664
1064.sql,0.108
1065.sql,0.46399999999999997
1066.sql,0.11699999999999999
1067.sql,1.2276666666666667
1069.sql,0.126
1071.sql,0.514
1072.sql,0.075
1073.sql,0.9516666666666667
1074.sql,0.209
1075.sql,0.11499999999999999
1076.sql,1.4053333333333333
1077.sql,0.7376666666666667
1078.sql,3.348333333333333
1079.sql,0.13266666666666668
1080.sql,0.14733333333333334
1081.sql,0.16066666666666665
1082.sql,6.299666666666667
1083.sql,0.109
1084.sql,0.3546666666666667
1085.sql,0.647
1086.sql,0.154
1087.sql,1.7766666666666666
1088.sql,1.3653333333333333
1089.sql,5.6803333333333335
1090.sql,1.9543333333333333
1092.sql,0.08166666666666667
1093.sql,0.20833333333333334
1094.sql,1.009
1095.sql,0.12433333333333334
1096.sql,0.11599999999999999
1097.sql,0.08633333333333333
1098.sql,0.14133333333333334
1099.sql,0.15266666666666664
1100.sql,0.18733333333333335
1101.sql,3.974
1102.sql,6.080000000000001
1103.sql,0.401
1104.sql,5.046333333333333
1105.sql,0.11466666666666665
1106.sql,5.980999999999999
1108.sql,0.10466666666666667
1109.sql,0.16
1110.sql,0.15033333333333332
1111.sql,0.13133333333333333
1112.sql,2.81
1113.sql,0.6213333333333333
1114.sql,0.71
1115.sql,0.08666666666666667
1116.sql,0.121
1117.sql,1.2993333333333332
1118.sql,0.43766666666666665
1119.sql,0.076
1120.sql,1.4033333333333333
1121.sql,2.2613333333333334
1122.sql,0.34766666666666673
1123.sql,1.6983333333333333
1124.sql,1.05
1125.sql,0.399
1126.sql,0.14733333333333332
1127.sql,0.6383333333333333
1128.sql,0.4246666666666667
1129.sql,0.16166666666666665
1130.sql,0.4446666666666666
1131.sql,0.154
1132.sql,2.2409999999999997
1133.sql,0.09200000000000001
1134.sql,0.441
1135.sql,1.2753333333333334
1136.sql,0.34366666666666673
1137.sql,44.48266666666667
1138.sql,0.429
1139.sql,22.194666666666667
1140.sql,0.083
1142.sql,1.3583333333333332
1143.sql,0.146
1144.sql,0.419
1145.sql,0.15833333333333333
1146.sql,8.544666666666666
1147.sql,0.11133333333333334
1148.sql,0.25
1149.sql,0.09733333333333334
1151.sql,0.14566666666666664
1153.sql,0.13733333333333334
1154.sql,0.25499999999999995
1155.sql,0.422
1156.sql,0.4446666666666667
1157.sql,0.17
1158.sql,0.14466666666666664
1159.sql,0.13633333333333333
1160.sql,0.8780000000000001
1161.sql,0.12233333333333334
1163.sql,2.0403333333333333
1164.sql,1.6923333333333332
1166.sql,2.3240000000000003
1169.sql,0.11699999999999999
1170.sql,0.154
1171.sql,2.8699999999999997
1172.sql,0.3343333333333333
1173.sql,0.145
1174.sql,0.20733333333333337
1175.sql,0.49
1176.sql,0.10666666666666667
1177.sql,0.605
1178.sql,0.13466666666666668
1179.sql,2.599
1180.sql,222.87466666666668
1181.sql,0.143
1182.sql,1.3156666666666668
1183.sql,3.6140000000000003
1185.sql,1.2573333333333332
1186.sql,0.11
1187.sql,0.7326666666666667
1188.sql,0.13266666666666665
1189.sql,0.6716666666666667
1190.sql,0.114
1191.sql,0.13333333333333333
1193.sql,0.7760000000000001
1194.sql,0.6900000000000001
1195.sql,6.0023333333333335
1196.sql,0.118
1197.sql,1.1516666666666666
1198.sql,4.263000000000001
1199.sql,0.38466666666666666
1200.sql,0.11066666666666668
1201.sql,0.4856666666666667
1202.sql,0.33266666666666667
1203.sql,0.43
1204.sql,210.22866666666667
1205.sql,0.158
1206.sql,0.5533333333333333
1207.sql,0.134
1208.sql,0.17933333333333334
1209.sql,0.48566666666666664
1211.sql,0.37799999999999995
1212.sql,3.5796666666666668
1213.sql,1.2556666666666667
1214.sql,0.5056666666666666
1215.sql,0.5023333333333334
1216.sql,0.32
1217.sql,0.135
1218.sql,0.14033333333333334
1219.sql,93.764
1220.sql,0.359
1221.sql,1.7596666666666667
1222.sql,0.133
1223.sql,0.15233333333333332
1224.sql,1.5223333333333333
1225.sql,0.5383333333333334
1226.sql,0.09666666666666668
1227.sql,2.0483333333333333
1228.sql,0.23833333333333337
1229.sql,0.17633333333333331
1230.sql,1.337
1231.sql,2.345
1232.sql,4.0473333333333334
1233.sql,0.15133333333333332
1234.sql,1.6846666666666668
1235.sql,0.13633333333333333
1236.sql,0.106
1237.sql,2.9113333333333333
1238.sql,0.3426666666666667
1239.sql,0.104
1240.sql,1.985666666666667
1241.sql,0.3606666666666667
1242.sql,0.18600000000000003
1243.sql,0.154
1244.sql,0.6146666666666666
1245.sql,0.4046666666666667
1246.sql,0.13466666666666668
1247.sql,0.521
1248.sql,1.0773333333333335
1249.sql,0.07133333333333335
1250.sql,0.124
1251.sql,0.21866666666666665
1252.sql,11.664666666666667
1253.sql,1.149333333333333
1254.sql,0.09433333333333334
1255.sql,0.44533333333333336
1256.sql,0.105
1257.sql,0.6386666666666666
1258.sql,0.36533333333333334
1259.sql,6.063333333333333
1260.sql,0.16666666666666666
1261.sql,3.7576666666666667
1262.sql,0.36800000000000005
1263.sql,1.9946666666666666
1264.sql,1.3863333333333332
1265.sql,0.7596666666666666
1266.sql,0.17733333333333334
1267.sql,145.38699999999997
1268.sql,0.289
1269.sql,0.864
1271.sql,1.123
1272.sql,0.19766666666666666
1273.sql,0.13333333333333333
1274.sql,0.16833333333333333
1275.sql,0.39633333333333337
1276.sql,0.6463333333333333
1277.sql,1.1663333333333332
1278.sql,0.44166666666666665
1279.sql,0.13133333333333333
1280.sql,0.5823333333333334
1281.sql,0.4206666666666667
1282.sql,1.1849999999999998
1283.sql,5.082333333333334
1284.sql,0.4223333333333333
1285.sql,14.024999999999999
1286.sql,0.6393333333333334
1287.sql,0.138
1288.sql,0.216
1289.sql,1.2243333333333333
1290.sql,1.4009999999999998
1291.sql,0.12566666666666668
1292.sql,1.1343333333333334
1293.sql,0.12766666666666668
1294.sql,0.159
1295.sql,0.126
1296.sql,0.06433333333333334
1298.sql,57.669999999999995
1299.sql,0.17833333333333332
1300.sql,1.4319999999999997
1301.sql,1.7986666666666666
1302.sql,0.12266666666666666
1303.sql,0.06666666666666667
1304.sql,3.935333333333334
1305.sql,0.13933333333333334
1306.sql,0.5986666666666666
1307.sql,0.126
1308.sql,0.08600000000000001
1309.sql,0.4123333333333334
1310.sql,0.7236666666666668
1311.sql,0.5593333333333333
1312.sql,0.16033333333333333
1313.sql,0.12833333333333333
1314.sql,1.3393333333333333
1315.sql,1.2496666666666667
1316.sql,0.09766666666666668
1319.sql,0.5630000000000001
1320.sql,1.8406666666666667
1321.sql,0.30466666666666664
1322.sql,1.149
1323.sql,0.3503333333333334
1324.sql,0.10333333333333333
1325.sql,0.08233333333333333
1326.sql,0.208
1327.sql,0.15366666666666665
1328.sql,0.15066666666666664
1329.sql,1.252
1331.sql,0.24
1332.sql,0.09700000000000002
1333.sql,1.571
1334.sql,0.119
1335.sql,1.2933333333333332
1336.sql,0.48866666666666664
1337.sql,4.287333333333334
1338.sql,0.5953333333333334
1340.sql,0.5766666666666667
1341.sql,0.10233333333333333
1342.sql,2.1750000000000003
1343.sql,0.13733333333333334
1345.sql,0.152
1346.sql,0.19933333333333336
1347.sql,0.11866666666666666
1348.sql,0.11266666666666668
1349.sql,0.134
1350.sql,0.17133333333333334
1352.sql,1.2003333333333333
1354.sql,0.105
1355.sql,0.1446666666666667
1356.sql,0.433
1357.sql,0.39999999999999997
1358.sql,0.7486666666666667
1359.sql,0.132
1361.sql,0.27466666666666667
1363.sql,0.15866666666666665
1364.sql,2.167333333333333
1366.sql,0.32633333333333336
1367.sql,2.3733333333333335
1368.sql,0.369
1369.sql,0.38433333333333336
1370.sql,6.051666666666667
1371.sql,2.348333333333333
1372.sql,14.387333333333336
1373.sql,0.09466666666666668
1374.sql,0.27
1375.sql,0.13733333333333334
1376.sql,2.6750000000000003
1377.sql,0.154
1378.sql,0.582
1379.sql,0.09900000000000002
1380.sql,0.47866666666666663
1381.sql,3.0696666666666665
1382.sql,0.10866666666666668
1384.sql,2.5043333333333333
1385.sql,0.10433333333333333
1386.sql,1.0196666666666667
1387.sql,3.3833333333333333
1388.sql,0.717
1389.sql,1.2543333333333333
1390.sql,0.12166666666666666
1391.sql,5.193333333333334
1392.sql,2.4243333333333337
1393.sql,1.3739999999999999
1395.sql,0.3953333333333333
1396.sql,3.013
1397.sql,0.5203333333333334
1398.sql,0.5163333333333333
1399.sql,0.11099999999999999
1400.sql,0.5460000000000002
1402.sql,0.5343333333333333
1403.sql,1.797
1404.sql,48.279666666666664
1405.sql,0.33866666666666667
1406.sql,0.682
1409.sql,0.156
1411.sql,1.1403333333333332
1412.sql,0.35366666666666663
1413.sql,0.24766666666666667
1414.sql,0.20099999999999998
1415.sql,0.16833333333333333
1416.sql,0.18099999999999997
1417.sql,11.753666666666666
1418.sql,0.8496666666666667
1419.sql,0.4836666666666667
1420.sql,0.2303333333333333
1421.sql,0.12
1422.sql,0.612
1424.sql,1.7836666666666667
1425.sql,0.35300000000000004
1426.sql,0.4633333333333334
1428.sql,2.239333333333333
1429.sql,0.09533333333333334
1430.sql,0.8466666666666667
1431.sql,0.06266666666666666
1432.sql,0.16066666666666665
1433.sql,285.784
1434.sql,0.19866666666666669
1435.sql,30.27
1436.sql,0.129
1437.sql,0.26999999999999996
1438.sql,0.07866666666666666
1439.sql,1.5056666666666665
1440.sql,0.8516666666666666
1441.sql,1.2676666666666665
1442.sql,1.1156666666666668
1443.sql,0.6956666666666665
1444.sql,0.5506666666666667
1445.sql,1.5273333333333332
1446.sql,0.26733333333333337
1447.sql,2.6999999999999997
1448.sql,1.441
1449.sql,0.076
1451.sql,0.35799999999999993
1453.sql,3.283
1454.sql,0.7913333333333333
1455.sql,0.09866666666666668
1457.sql,0.1496666666666667
1458.sql,0.10466666666666667
1459.sql,0.646
1462.sql,3.8223333333333334
1463.sql,2.466333333333333
1464.sql,0.4836666666666667
1465.sql,0.147
1466.sql,0.7383333333333333
1467.sql,0.14866666666666667
1468.sql,0.19233333333333336
1469.sql,0.528
1470.sql,1.68
1471.sql,0.51
1472.sql,1.3236666666666668
1473.sql,45.39366666666666
1474.sql,2.528333333333333
1475.sql,0.162
1476.sql,0.5393333333333333
1478.sql,1.368
1479.sql,0.107
1480.sql,0.6413333333333333
1481.sql,0.26266666666666666
1483.sql,0.09433333333333334
1484.sql,0.49266666666666664
1485.sql,0.3516666666666666
1486.sql,9.446333333333333
1487.sql,0.12666666666666668
1489.sql,0.16566666666666666
1491.sql,0.154
1492.sql,0.15766666666666665
1493.sql,0.5636666666666666
1494.sql,0.11333333333333333
1495.sql,0.131
1496.sql,1.0566666666666666
1497.sql,1.6843333333333332
1498.sql,1.7613333333333332
1499.sql,0.17900000000000002
1500.sql,0.5226666666666667
1501.sql,0.14400000000000002
1502.sql,0.09066666666666667
1503.sql,1.4306666666666665
1504.sql,0.4926666666666666
1505.sql,0.513
1506.sql,2.8676666666666666
1508.sql,1.837
1509.sql,0.7636666666666666
1510.sql,0.6606666666666667
1511.sql,4.078666666666667
1513.sql,0.18533333333333335
1514.sql,0.144
1515.sql,0.137
1516.sql,0.16133333333333333
1517.sql,0.6546666666666666
1518.sql,0.6606666666666666
1519.sql,3.5083333333333333
1520.sql,0.8346666666666667
1521.sql,0.421
1522.sql,0.22266666666666668
1523.sql,130.463
1524.sql,0.14733333333333334
1525.sql,6.525666666666667
1526.sql,0.23933333333333331
1527.sql,1.7143333333333333
1528.sql,0.09800000000000002
1529.sql,0.13633333333333333
1530.sql,0.8536666666666667
1532.sql,0.15466666666666665
1534.sql,0.4816666666666667
1535.sql,5.6816666666666675
1536.sql,1.5766666666666669
1538.sql,0.6476666666666667
1539.sql,0.12766666666666668
1540.sql,2.249
1541.sql,0.06633333333333334
1542.sql,0.105
1544.sql,0.12766666666666668
1545.sql,69.229
1546.sql,0.08233333333333333
1547.sql,0.27033333333333337
1548.sql,1.0833333333333333
1549.sql,0.105
1550.sql,0.27566666666666667
1551.sql,0.4303333333333333
1552.sql,0.069
1554.sql,0.3463333333333333
1556.sql,0.27399999999999997
1557.sql,0.9900000000000001
1558.sql,0.14233333333333334
1560.sql,0.11933333333333333
1561.sql,1.3806666666666667
1562.sql,0.242
1563.sql,0.15266666666666664
1564.sql,0.13
1565.sql,0.49766666666666665
1566.sql,0.16233333333333333
1567.sql,1.1453333333333335
1568.sql,0.153
1569.sql,3.0553333333333335
1570.sql,0.5223333333333334
1571.sql,5.240333333333334
1572.sql,0.43566666666666665
1573.sql,0.132
1574.sql,0.10933333333333334
1575.sql,0.09466666666666668
1576.sql,22.88033333333333
1577.sql,3.2983333333333333
1578.sql,0.10000000000000002
1579.sql,0.15733333333333333
1580.sql,0.5259999999999999
1581.sql,0.5906666666666666
1582.sql,1.2376666666666667
1583.sql,0.6933333333333334
1585.sql,0.505
1586.sql,2.676
1587.sql,0.7146666666666667
1588.sql,0.2533333333333333
1589.sql,0.19099999999999998
1590.sql,1.5116666666666667
1591.sql,19.697666666666663
1592.sql,0.9676666666666667
1593.sql,0.3853333333333333
1595.sql,0.16133333333333333
1596.sql,0.47433333333333333
1597.sql,0.4383333333333333
1598.sql,1.7943333333333333
1599.sql,2.8136666666666668
1600.sql,5.118333333333333
1601.sql,1.9286666666666665
1602.sql,6.640666666666667
1604.sql,0.5456666666666666
1605.sql,0.13133333333333333
1606.sql,1.2736666666666665
1607.sql,0.11866666666666666
1608.sql,0.5776666666666667
1609.sql,0.16266666666666665
1611.sql,0.5046666666666667
1612.sql,0.12
1613.sql,0.15933333333333333
1614.sql,0.15533333333333332
1615.sql,1.0323333333333333
1616.sql,28.460333333333335
1617.sql,0.15266666666666664
1618.sql,0.103
1619.sql,0.5153333333333333
1620.sql,3.6133333333333333
1621.sql,0.20166666666666666
1622.sql,0.207
1623.sql,0.44366666666666665
1625.sql,1.785
1626.sql,0.1683333333333333
1627.sql,0.10933333333333334
1628.sql,0.19666666666666666
1630.sql,0.08266666666666667
1631.sql,0.10033333333333334
1632.sql,5.464666666666666
1633.sql,0.333
1634.sql,0.26566666666666666
1635.sql,0.10133333333333333
1636.sql,0.16133333333333333
1637.sql,0.17900000000000002
1638.sql,0.12966666666666668
1640.sql,0.12866666666666668
1642.sql,0.16066666666666665
1643.sql,1.5686666666666664
1644.sql,0.12666666666666668
1645.sql,0.16066666666666665
1646.sql,0.10066666666666667
1647.sql,0.10133333333333334
1648.sql,0.7753333333333333
1649.sql,0.743
1650.sql,1.5033333333333332
1651.sql,3.0406666666666666
1652.sql,0.927
1653.sql,0.35166666666666674
1655.sql,6.803333333333334
1656.sql,0.129
1657.sql,0.11666666666666665
1658.sql,1.32
1659.sql,0.39433333333333326
1660.sql,2.8753333333333337
1661.sql,1.2536666666666667
1662.sql,1.9956666666666667
1663.sql,0.38033333333333336
1664.sql,0.995
1665.sql,0.871
1666.sql,0.2786666666666666
1667.sql,0.09066666666666667
1668.sql,0.06533333333333334
1669.sql,1.2783333333333333
1670.sql,1.687
1671.sql,1.564
1672.sql,0.15666666666666665
1673.sql,0.15066666666666664
1674.sql,2.1963333333333335
1675.sql,1.5123333333333333
1677.sql,1.5569999999999997
1678.sql,0.7373333333333333
1679.sql,0.3833333333333333
1680.sql,2.093
1681.sql,0.338
1682.sql,0.16533333333333333
1683.sql,0.19000000000000003
1684.sql,0.38133333333333336
1685.sql,2.247666666666667
1686.sql,0.4043333333333334
1688.sql,3.619666666666667
1689.sql,0.5403333333333333
1690.sql,0.164
1692.sql,12.240333333333334
1693.sql,0.44166666666666665
1694.sql,0.738
1695.sql,0.15033333333333335
1696.sql,0.6629999999999999
1697.sql,0.09566666666666668
1698.sql,0.6216666666666666
1699.sql,0.10966666666666665
1700.sql,0.22233333333333336
1701.sql,0.596
1702.sql,0.10833333333333334
1703.sql,0.426
1704.sql,1.2073333333333334
1705.sql,0.09166666666666667
1706.sql,0.19800000000000004
1707.sql,0.517
1708.sql,0.24500000000000002
1709.sql,0.10766666666666667
1711.sql,0.36233333333333334
1712.sql,0.3243333333333333
1713.sql,0.3113333333333333
1714.sql,0.135
1715.sql,0.22066666666666665
1716.sql,8.183333333333334
1717.sql,4.197666666666667
1718.sql,3.644
1719.sql,31.209666666666664
1720.sql,0.4346666666666667
1721.sql,0.16
1722.sql,0.5233333333333334
1723.sql,0.412
1725.sql,0.17566666666666664
1726.sql,0.11699999999999999
1728.sql,0.15166666666666664
1729.sql,0.625
1730.sql,0.26733333333333337
1731.sql,0.7493333333333334
1732.sql,0.083
1733.sql,0.26066666666666666
1734.sql,0.15066666666666664
1735.sql,0.8076666666666666
1736.sql,2.094
1737.sql,0.7040000000000001
1738.sql,8.102666666666666
1739.sql,0.2916666666666667
1741.sql,2.0753333333333335
1743.sql,271.098
1744.sql,1.6946666666666668
1746.sql,0.5313333333333333
1747.sql,0.07100000000000001
1748.sql,0.12833333333333333
1749.sql,156.71566666666666
1750.sql,0.19366666666666665
1751.sql,0.09666666666666668
1752.sql,0.14866666666666664
1753.sql,0.06466666666666666
1754.sql,0.11533333333333333
1755.sql,7.652666666666666
1756.sql,16.284000000000002
1757.sql,0.17200000000000001
1758.sql,0.443
1759.sql,1.0466666666666666
1760.sql,112.21166666666666
1761.sql,0.10533333333333333
1762.sql,0.16333333333333333
1763.sql,0.06566666666666666
1765.sql,0.20366666666666666
1766.sql,0.2833333333333333
1767.sql,0.151
1768.sql,0.06133333333333333
1769.sql,0.48466666666666675
1770.sql,0.4483333333333333
1771.sql,11.892000000000001
1773.sql,1.3256666666666668
1774.sql,1.453
1775.sql,0.13933333333333334
1776.sql,1.183
1777.sql,1.1856666666666666
1778.sql,1.1673333333333333
1779.sql,1.477
1780.sql,0.11633333333333333
1781.sql,0.149
1782.sql,0.21166666666666667
1783.sql,0.44733333333333336
1784.sql,0.06666666666666667
1785.sql,0.171
1786.sql,0.14833333333333334
1787.sql,0.9073333333333333
1788.sql,0.36366666666666664
1789.sql,0.4306666666666667
1790.sql,1.2253333333333334
1791.sql,2.9909999999999997
1792.sql,0.161
1795.sql,1.4293333333333333
1796.sql,0.16133333333333333
1797.sql,0.4056666666666667
1798.sql,0.291
1799.sql,0.111
1800.sql,0.23700000000000002
1802.sql,1.6170000000000002
1803.sql,0.11599999999999999
1804.sql,3.5530000000000004
1805.sql,0.714
1806.sql,2.936666666666667
1807.sql,0.6383333333333333
1808.sql,0.7566666666666667
1809.sql,0.14
1810.sql,0.45566666666666666
1812.sql,1.1796666666666666
1814.sql,187.16566666666668
1816.sql,1.3419999999999999
1817.sql,0.668
1818.sql,0.379
1819.sql,0.28633333333333333
1820.sql,0.133
1822.sql,0.26866666666666666
1823.sql,0.5856666666666667
1824.sql,0.5673333333333334
1825.sql,1.1956666666666667
1826.sql,1.539
1827.sql,2.050333333333333
1828.sql,1.5756666666666668
1829.sql,14.475333333333333
1830.sql,3.078
1831.sql,1.0063333333333333
1832.sql,0.7976666666666666
1833.sql,0.13266666666666668
1834.sql,1.1909999999999998
1835.sql,0.8563333333333333
1836.sql,0.09966666666666667
1839.sql,153.96233333333333
1841.sql,6.968
1842.sql,0.26166666666666666
1843.sql,0.08266666666666667
1844.sql,0.37833333333333335
1845.sql,0.32266666666666666
1846.sql,0.6223333333333333
1847.sql,0.4366666666666667
1848.sql,0.19533333333333333
1850.sql,0.10066666666666668
1851.sql,0.10100000000000002
1852.sql,1.5
1853.sql,1.5599999999999998
1854.sql,1.0023333333333333
1855.sql,0.18566666666666665
1859.sql,0.7060000000000001
1860.sql,1.07
1862.sql,0.42900000000000005
1864.sql,0.25466666666666665
1865.sql,0.162
1866.sql,0.5459999999999999
1867.sql,4.220666666666666
1868.sql,0.548
1869.sql,5.735666666666667
1870.sql,0.444
1871.sql,0.11733333333333333
1872.sql,0.13533333333333333
1873.sql,4.17
1874.sql,0.118
1875.sql,0.5833333333333334
1876.sql,0.12333333333333334
1877.sql,0.13366666666666668
1878.sql,1.3523333333333334
1879.sql,1.845
1880.sql,0.5223333333333333
1881.sql,0.16833333333333333
1882.sql,0.138
1883.sql,0.15766666666666665
1884.sql,1.6206666666666667
1885.sql,0.37799999999999995
1886.sql,2.517666666666667
1887.sql,0.12266666666666666
1888.sql,3.4856666666666665
1890.sql,0.7006666666666667
1891.sql,0.28533333333333327
1892.sql,0.3486666666666667
1893.sql,0.37266666666666665
1894.sql,0.19566666666666666
1895.sql,0.20366666666666666
1896.sql,0.48233333333333334
1898.sql,1.8286666666666667
1899.sql,1.0553333333333332
1900.sql,1.780333333333333
1901.sql,0.17800000000000002
1902.sql,0.227
1903.sql,0.17066666666666666
1904.sql,0.7126666666666667
1905.sql,0.5466666666666667
1906.sql,0.24266666666666667
1907.sql,2.1406666666666667
1908.sql,0.16166666666666665
1909.sql,8.070666666666666
1911.sql,0.6469999999999999
1912.sql,1.4649999999999999
1913.sql,0.209
1914.sql,0.41566666666666663
1915.sql,29.829333333333334
1916.sql,1.0653333333333332
1918.sql,0.14166666666666664
1919.sql,1.7209999999999999
1920.sql,0.9226666666666666
1921.sql,1.9303333333333332
1922.sql,3.488666666666667
1923.sql,0.1426666666666667
1924.sql,22.83366666666667
1925.sql,0.6433333333333333
1926.sql,0.15833333333333333
1927.sql,0.153
1928.sql,0.09300000000000001
1929.sql,0.22366666666666668
1930.sql,13.821333333333333
1932.sql,1.1493333333333335
1933.sql,0.09799999999999999
1934.sql,0.20833333333333334
1935.sql,1.67
1937.sql,0.07866666666666666
1938.sql,0.20033333333333334
1939.sql,0.3406666666666667
1940.sql,0.6476666666666667
1941.sql,0.127
1942.sql,1.3873333333333333
1944.sql,0.35433333333333333
1947.sql,0.15133333333333332
1948.sql,0.23933333333333331
1949.sql,0.4383333333333333
1950.sql,0.132
1951.sql,0.38799999999999996
1952.sql,0.7363333333333334
1953.sql,107.895
1954.sql,0.5953333333333334
1955.sql,0.09166666666666667
1956.sql,4.733666666666667
1957.sql,176.35533333333333
1958.sql,4.209333333333333
1959.sql,0.5326666666666666
1960.sql,0.142
1961.sql,0.06033333333333333
1962.sql,0.254
1963.sql,2.451
1964.sql,1.5706666666666667
1965.sql,1.6403333333333332
1966.sql,0.9496666666666668
1967.sql,0.9733333333333333
1968.sql,0.137
1969.sql,0.13166666666666668
1970.sql,55.613
1971.sql,1.8863333333333332
1972.sql,0.13566666666666669
1973.sql,0.2173333333333333
1974.sql,0.35633333333333334
1975.sql,1.2656666666666667
1976.sql,0.12166666666666666
1977.sql,0.5776666666666667
1978.sql,2.5693333333333332
1979.sql,0.11599999999999999
1980.sql,0.36033333333333334
1981.sql,0.103
1982.sql,0.44533333333333336
1983.sql,0.44799999999999995
1984.sql,0.3066666666666667
1985.sql,0.9176666666666667
1986.sql,0.1366666666666667
1987.sql,1.0913333333333333
1988.sql,0.09666666666666668
1989.sql,0.4166666666666667
1991.sql,2.914
1992.sql,1.8123333333333334
1993.sql,3.1773333333333333
1994.sql,0.3463333333333334
1995.sql,1.4349999999999998
1996.sql,0.45933333333333337
1997.sql,0.8423333333333334
1998.sql,0.07366666666666667
1999.sql,0.371
2000.sql,0.12066666666666666
2002.sql,11.185333333333332
2003.sql,0.3553333333333333
2004.sql,0.12133333333333333
2005.sql,0.527
2006.sql,4.455666666666667
2007.sql,0.14766666666666664
2009.sql,0.465
2010.sql,0.144
2011.sql,8.278333333333334
2013.sql,0.13833333333333334
2014.sql,0.23199999999999998
2015.sql,0.37366666666666665
2016.sql,0.154
2017.sql,1.3716666666666668
2018.sql,0.7906666666666666
2019.sql,1.2393333333333334
2020.sql,1.4756666666666665
2021.sql,0.7163333333333334
2022.sql,0.12233333333333334
2023.sql,0.084
2024.sql,3.164
2025.sql,0.152
2026.sql,7.947666666666667
2027.sql,0.078
2028.sql,1.0543333333333331
2029.sql,0.6093333333333333
2030.sql,0.11399999999999999
2031.sql,0.083
2032.sql,0.35200000000000004
2033.sql,0.12133333333333333
2034.sql,7.239999999999999
2035.sql,0.09600000000000002
2036.sql,0.8346666666666667
2037.sql,0.5299999999999999
2038.sql,5.543
2039.sql,0.21833333333333335
2040.sql,0.16933333333333334
2041.sql,0.6670000000000001
2042.sql,1.2950000000000002
2043.sql,0.132
2044.sql,2.345666666666667
2045.sql,0.118
2046.sql,0.442
2047.sql,0.19666666666666668
2048.sql,0.4053333333333334
2049.sql,5.112333333333333
2050.sql,1.5603333333333331
2051.sql,0.31033333333333335
2052.sql,0.171
2053.sql,1.2176666666666667
2055.sql,0.2333333333333333
2056.sql,13.525333333333334
2057.sql,0.14
2058.sql,2.6670000000000003
2059.sql,0.7303333333333333
2060.sql,0.3413333333333333
2062.sql,0.15033333333333332
2063.sql,0.09066666666666667
2064.sql,0.7360000000000001
2065.sql,0.08233333333333333
2066.sql,0.5016666666666666
2067.sql,0.433
2068.sql,5.45
2069.sql,7.5
2070.sql,0.06366666666666666
2071.sql,1.095
2072.sql,0.13833333333333334
2073.sql,0.11133333333333334
2074.sql,0.106
2075.sql,3.611666666666667
2076.sql,0.15233333333333332
2077.sql,0.18433333333333335
2078.sql,0.164
2079.sql,0.18499999999999997
2080.sql,1.825
2081.sql,0.14233333333333334
2082.sql,0.108
2083.sql,0.14166666666666666
2084.sql,3.719333333333333
2085.sql,0.7719999999999999
2086.sql,1.1743333333333332
2087.sql,0.4173333333333334
2088.sql,0.07700000000000001
2089.sql,0.6856666666666666
2090.sql,1.3826666666666665
2091.sql,0.38366666666666666
2093.sql,6.697666666666667
2094.sql,2.2406666666666664
2095.sql,1.1820000000000002
2096.sql,0.8586666666666666
2097.sql,0.7076666666666666
2098.sql,0.152
2099.sql,9.214666666666666
2100.sql,0.6243333333333333
2101.sql,0.12866666666666668
2102.sql,1.1646666666666667
2103.sql,0.14133333333333334
2104.sql,0.6556666666666667
2105.sql,1.6193333333333335
2106.sql,1.5253333333333332
2107.sql,1.1973333333333334
2108.sql,0.167
2109.sql,4.470666666666666
2111.sql,0.637
2112.sql,0.211
2113.sql,0.156
2115.sql,1.439
2116.sql,0.156
2117.sql,0.899
2118.sql,25.304000000000002
2119.sql,0.11633333333333333
2120.sql,0.9976666666666666
2121.sql,1.494
2122.sql,0.16566666666666666
2123.sql,0.11766666666666666
2124.sql,0.5746666666666665
2125.sql,2.0766666666666667
2126.sql,1.3873333333333333
2128.sql,0.07433333333333332
2129.sql,0.4746666666666666
2130.sql,0.9303333333333333
2131.sql,0.14533333333333331
2132.sql,0.36166666666666664
2133.sql,2.485
2134.sql,0.4716666666666667
2135.sql,0.09833333333333333
2136.sql,0.22566666666666668
2137.sql,122.58266666666668
2138.sql,0.16133333333333333
2139.sql,1.1753333333333333
2140.sql,1.151
2142.sql,1.2699999999999998
2143.sql,0.11766666666666666
2144.sql,0.39566666666666667
2145.sql,0.6256666666666667
2146.sql,1.774
2147.sql,0.09466666666666668
2148.sql,0.12533333333333332
2149.sql,0.10766666666666667
2150.sql,2.476
2152.sql,0.19233333333333336
2153.sql,1.907
2154.sql,0.6863333333333334
2155.sql,1.875333333333333
2156.sql,1.3493333333333333
2157.sql,1.3150000000000002
2158.sql,0.16766666666666666
2159.sql,16.556
2160.sql,0.5296666666666666
2161.sql,14.713666666666667
2162.sql,0.12933333333333333
2163.sql,17.12966666666667
2164.sql,0.985
2165.sql,1.4036666666666668
2166.sql,1.8983333333333334
2167.sql,1.2973333333333334
2168.sql,0.4106666666666667
2169.sql,0.15766666666666665
2170.sql,0.12
2171.sql,1.154
2172.sql,4.3919999999999995
2173.sql,0.19033333333333333
2174.sql,0.3746666666666667
2175.sql,3.0843333333333334
2176.sql,0.13633333333333333
2177.sql,0.131
2178.sql,0.5403333333333333
2179.sql,0.14400000000000002
2180.sql,0.44366666666666665
2181.sql,1.1186666666666667
2182.sql,0.134
2183.sql,0.3176666666666667
2184.sql,0.09799999999999999
2185.sql,97.23266666666666
2186.sql,0.5499999999999999
2188.sql,0.162
2189.sql,3.828
2190.sql,0.6403333333333333
2192.sql,0.16066666666666665
2193.sql,0.08466666666666667
2194.sql,2.7970000000000006
2195.sql,0.15833333333333335
2196.sql,0.22466666666666668
2197.sql,0.10633333333333334
2198.sql,0.24366666666666667
2199.sql,0.1446666666666667
2200.sql,0.16166666666666665
2201.sql,0.37966666666666665
2202.sql,0.12366666666666666
2203.sql,0.10066666666666668
2204.sql,0.19033333333333333
2206.sql,0.15966666666666665
2207.sql,0.445
2208.sql,0.19933333333333336
2209.sql,0.13033333333333333
2210.sql,12.730666666666664
2211.sql,0.17
2212.sql,8.400666666666668
2213.sql,0.4126666666666667
2214.sql,0.6426666666666666
2215.sql,0.09433333333333334
2217.sql,0.38599999999999995
2218.sql,0.8853333333333334
2219.sql,0.13
2220.sql,0.12266666666666666
2221.sql,0.13166666666666668
2222.sql,0.496
2223.sql,1.3363333333333334
2224.sql,0.153
2225.sql,0.111
2226.sql,0.18933333333333335
2228.sql,1.264
2229.sql,0.557
2231.sql,0.34099999999999997
2232.sql,0.8150000000000001
2233.sql,1.5039999999999998
2234.sql,1.2013333333333334
2235.sql,1.314
2236.sql,0.11533333333333333
2237.sql,9.165000000000001
2238.sql,1.3283333333333334
2239.sql,1.2156666666666665
2240.sql,0.09200000000000001
2241.sql,29.272666666666666
2242.sql,0.4523333333333333
2243.sql,0.21733333333333335
2244.sql,0.12266666666666666
2245.sql,1.4249999999999998
2246.sql,2.6476666666666664
2247.sql,0.125
2248.sql,2.2783333333333338
2249.sql,0.09400000000000001
2250.sql,0.12266666666666666
2251.sql,7.980999999999999
2252.sql,0.15166666666666664
2253.sql,1.1236666666666668
2254.sql,2.2666666666666666
2255.sql,0.09700000000000002
2256.sql,0.14266666666666664
2257.sql,1.985
2258.sql,38.98233333333334
2259.sql,2.1033333333333335
2260.sql,0.6363333333333334
2261.sql,0.43166666666666664
2263.sql,0.14200000000000002
2264.sql,0.26066666666666666
2266.sql,1.005
2267.sql,0.48666666666666664
2268.sql,0.5576666666666666
2269.sql,0.1466666666666667
2271.sql,2.6446666666666663
2272.sql,1.5493333333333335
2273.sql,0.6266666666666666
2274.sql,0.4076666666666666
2275.sql,0.14
2276.sql,0.39233333333333337
2277.sql,0.064
2279.sql,3.1453333333333333
2280.sql,1.099
2281.sql,1.8523333333333334
2282.sql,0.138
2283.sql,3.8716666666666666
2284.sql,0.081
2285.sql,0.09733333333333334
2287.sql,0.5566666666666666
2288.sql,1.6480000000000004
2289.sql,0.585
2290.sql,0.16233333333333333
2291.sql,7.204000000000001
2292.sql,0.6236666666666667
2293.sql,0.5593333333333333
2294.sql,1.100666666666667
2295.sql,0.38133333333333336
2296.sql,0.14300000000000002
2297.sql,0.11766666666666666
2298.sql,0.767
2299.sql,1.9046666666666667
2301.sql,0.9626666666666667
2302.sql,0.5176666666666666
2303.sql,0.1413333333333333
2304.sql,0.6666666666666666
2305.sql,0.12333333333333334
2306.sql,1.688
2308.sql,0.35333333333333333
2309.sql,2.163
2310.sql,0.20466666666666666
2311.sql,0.4283333333333334
2312.sql,1.8186666666666664
2313.sql,0.159
2314.sql,0.3423333333333334
2315.sql,1.1863333333333335
2316.sql,1.346
2317.sql,0.1743333333333333
2318.sql,0.283
2319.sql,0.25266666666666665
2320.sql,10.263
2321.sql,0.12066666666666666
2322.sql,0.122
2323.sql,0.314
2324.sql,0.42133333333333334
2325.sql,1.5110000000000001
2326.sql,0.15133333333333332
2327.sql,0.6583333333333333
2328.sql,0.09733333333333334
2329.sql,1.2003333333333333
2330.sql,0.302
2331.sql,0.17500000000000002
2332.sql,0.37033333333333335
2333.sql,0.16433333333333333
2335.sql,0.151
2336.sql,0.5916666666666667
2337.sql,1.2386666666666668
2338.sql,0.159
2340.sql,0.8056666666666666
2341.sql,3.3219999999999996
2343.sql,0.22933333333333336
2344.sql,0.6646666666666666
2345.sql,0.09500000000000001
2346.sql,0.442
2349.sql,0.35833333333333334
2350.sql,0.10433333333333333
2351.sql,1.7389999999999999
2352.sql,0.15233333333333332
2353.sql,1.3553333333333335
2354.sql,0.13733333333333334
2355.sql,0.121
2356.sql,1.324
2357.sql,1.1586666666666667
2358.sql,0.6306666666666666
2359.sql,0.078
2360.sql,0.10633333333333334
2361.sql,0.486
2362.sql,0.8633333333333333
2363.sql,3.6646666666666667
2364.sql,21.502333333333336
2366.sql,3.464
2367.sql,0.171
2368.sql,15.143
2369.sql,0.07100000000000001
2370.sql,0.126
2371.sql,0.17366666666666666
2372.sql,1.6426666666666667
2373.sql,0.13333333333333333
2374.sql,0.14800000000000002
2375.sql,0.11666666666666665
2376.sql,3.312
2377.sql,0.09300000000000001
2380.sql,0.163
2381.sql,0.17333333333333334
2382.sql,0.9546666666666667
2383.sql,0.25933333333333336
2384.sql,0.36633333333333334
2385.sql,0.894
2386.sql,3.611666666666667
2387.sql,0.12333333333333334
2389.sql,0.19166666666666665
2390.sql,1.1203333333333332
2391.sql,1.211
2392.sql,0.606
2393.sql,0.9586666666666667
2394.sql,2.0976666666666666
2395.sql,14.819
2397.sql,0.7073333333333333
2398.sql,0.5743333333333333
2399.sql,0.605
2400.sql,0.3633333333333333
2401.sql,0.09133333333333334
2402.sql,0.09900000000000002
2403.sql,2.3366666666666664
2404.sql,0.145
2405.sql,0.106
2406.sql,0.5026666666666667
2407.sql,0.159
2408.sql,0.10633333333333334
2409.sql,0.12
2410.sql,0.1366666666666667
2411.sql,0.08900000000000001
2412.sql,0.4013333333333333
2413.sql,1.3419999999999999
2414.sql,5.102333333333334
2415.sql,0.3459999999999999
2416.sql,0.2703333333333333
2417.sql,0.36233333333333334
2418.sql,0.91
2419.sql,0.26466666666666666
2420.sql,0.7773333333333333
2421.sql,0.20833333333333334
2422.sql,0.45966666666666667
2423.sql,0.16766666666666666
2424.sql,0.14300000000000002
2425.sql,0.10366666666666667
2426.sql,0.126
2427.sql,0.12333333333333334
2428.sql,0.08833333333333333
2429.sql,1.066
2430.sql,0.12133333333333333
2432.sql,0.09200000000000001
2433.sql,0.596
2434.sql,0.31866666666666665
2435.sql,1.1513333333333333
2436.sql,0.25233333333333335
2437.sql,0.13466666666666668
2438.sql,0.11
2440.sql,0.1436666666666667
2441.sql,0.6443333333333334
2442.sql,0.3446666666666667
2444.sql,0.391
2445.sql,0.219
2446.sql,0.355
2447.sql,3.7266666666666666
2448.sql,1.4163333333333332
2449.sql,0.12766666666666668
2450.sql,0.08033333333333333
2451.sql,0.08233333333333333
2452.sql,0.154
2453.sql,0.158
2455.sql,0.13933333333333334
2456.sql,42.01133333333333
2457.sql,0.17899999999999996
2458.sql,0.39633333333333337
2459.sql,1.4736666666666667
2460.sql,0.16133333333333333
2461.sql,0.7526666666666667
2462.sql,0.11633333333333333
2463.sql,54.705000000000005
2464.sql,2.4583333333333335
2465.sql,0.14766666666666667
2466.sql,2.712666666666667
2467.sql,0.14700000000000002
2468.sql,11.816333333333333
2469.sql,0.09366666666666668
2470.sql,0.114
2471.sql,0.08866666666666667
2472.sql,1.703
2473.sql,0.25333333333333335
2474.sql,0.49266666666666664
2476.sql,0.15033333333333332
2477.sql,0.903
2478.sql,0.6986666666666667
2479.sql,1.1703333333333334
2480.sql,0.138
2481.sql,1.1580000000000001
2482.sql,4.950666666666667
2483.sql,5.341
2484.sql,0.6150000000000001
2485.sql,0.49333333333333335
2486.sql,0.23033333333333336
2489.sql,0.5636666666666666
2490.sql,2.4233333333333333
2492.sql,0.38433333333333336
2493.sql,0.128
2494.sql,0.914
2495.sql,2.279666666666667
2496.sql,1.4623333333333335
2497.sql,0.136
2498.sql,0.6196666666666667
2499.sql,0.5036666666666667
2500.sql,0.08633333333333333
2501.sql,0.49099999999999994
2502.sql,0.4053333333333334
2503.sql,0.22266666666666668
2504.sql,1.8019999999999998
2505.sql,0.09400000000000001
2506.sql,0.2163333333333333
2507.sql,0.19266666666666668
2508.sql,4.661666666666667
2509.sql,0.5423333333333334
2510.sql,0.23199999999999998
2511.sql,3.802
2512.sql,0.6946666666666667
2513.sql,0.7236666666666666
2514.sql,0.14733333333333334
2515.sql,0.15833333333333333
2516.sql,0.068
2517.sql,0.21833333333333335
2518.sql,0.10033333333333333
2519.sql,0.39866666666666667
2520.sql,0.119
2521.sql,0.10666666666666667
2522.sql,0.4083333333333334
2523.sql,1.3866666666666667
2524.sql,0.17466666666666666
2525.sql,0.703
2526.sql,0.4126666666666667
2527.sql,0.5696666666666667
2528.sql,0.065
2529.sql,5.957
2530.sql,0.40066666666666667
2531.sql,0.1466666666666667
2532.sql,25.873333333333335
2533.sql,1.7633333333333334
2534.sql,2.0266666666666664
2535.sql,0.11033333333333334
2536.sql,0.15833333333333333
2537.sql,0.15366666666666665
2538.sql,3.746
2540.sql,0.4403333333333333
2541.sql,1.765
2544.sql,0.399
2545.sql,0.1526666666666667
2546.sql,0.13533333333333333
2547.sql,0.11399999999999999
2548.sql,1.337
2549.sql,0.5543333333333333
2550.sql,0.1366666666666667
2551.sql,0.14033333333333334
2552.sql,0.14933333333333332
2553.sql,1.2566666666666666
2554.sql,0.5276666666666667
2555.sql,0.216
2556.sql,0.44366666666666665
2557.sql,0.36866666666666664
2558.sql,26.70533333333334
2559.sql,0.4163333333333334
2560.sql,0.2823333333333333
2561.sql,0.13933333333333334
2563.sql,0.129
2564.sql,0.17733333333333334
2565.sql,1.3710000000000002
2566.sql,0.385
2567.sql,0.105
2568.sql,0.6283333333333333
2569.sql,0.136
2570.sql,0.08266666666666667
2571.sql,4.114333333333334
2572.sql,0.17166666666666666
2573.sql,0.442
2575.sql,1.7673333333333332
2576.sql,1.5206666666666664
2578.sql,0.12833333333333333
2579.sql,0.5749999999999998
2580.sql,1.7896666666666665
2581.sql,2.5269999999999997
2582.sql,0.634
2583.sql,1.02
2584.sql,0.135
2585.sql,0.20366666666666666
2587.sql,0.118
2589.sql,3.167666666666667
2590.sql,0.22066666666666668
2591.sql,5.967333333333333
2592.sql,0.13
2593.sql,1.2846666666666666
2594.sql,1.059
2595.sql,0.6206666666666666
2596.sql,0.119
2597.sql,0.9093333333333332
2598.sql,2.4923333333333333
2601.sql,0.9766666666666666
2602.sql,0.19066666666666668
2603.sql,3.318
2604.sql,58.64866666666668
2606.sql,3.192
2607.sql,0.49533333333333335
2608.sql,0.13466666666666668
2610.sql,1.1543333333333334
2611.sql,1.297
2612.sql,8.969666666666667
2613.sql,0.14333333333333334
2614.sql,2.969
2615.sql,3.5250000000000004
2617.sql,0.15633333333333332
2618.sql,0.3983333333333334
2619.sql,0.08700000000000001
2620.sql,0.3426666666666667
2621.sql,0.22033333333333335
2622.sql,1.4243333333333332
2623.sql,1.2433333333333334
2624.sql,0.12166666666666666
2625.sql,0.357
2626.sql,14.161333333333333
2627.sql,0.11966666666666666
2629.sql,1.6976666666666667
2631.sql,12.832666666666668
2632.sql,1.7560000000000002
2634.sql,0.3793333333333333
2635.sql,0.12533333333333332
2636.sql,1.8883333333333334
2637.sql,0.34833333333333333
2638.sql,0.8826666666666666
2639.sql,0.16033333333333333
2640.sql,0.12533333333333332
2641.sql,1.3096666666666665
2642.sql,0.325
2643.sql,0.3216666666666667
2644.sql,16.672
2645.sql,0.143
2646.sql,0.277
2647.sql,0.12633333333333333
2648.sql,0.08466666666666667
2649.sql,0.4703333333333333
2650.sql,3.447333333333333
2651.sql,1.1823333333333332
2652.sql,0.44566666666666666
2653.sql,0.15933333333333333
2654.sql,0.4123333333333334
2655.sql,0.423
2656.sql,0.13433333333333333
2657.sql,7.982333333333334
2658.sql,0.13066666666666668
2659.sql,0.16333333333333333
2660.sql,0.5813333333333334
2661.sql,0.15333333333333332
2662.sql,0.49733333333333335
2663.sql,0.10933333333333334
2664.sql,0.7066666666666667
2665.sql,5.653666666666667
2666.sql,1.713
2667.sql,0.432
2668.sql,1.6676666666666666
2669.sql,0.06
2671.sql,0.62
2672.sql,0.6446666666666667
2673.sql,0.229
2674.sql,0.45133333333333336
2675.sql,0.06566666666666666
2676.sql,0.38400000000000006
2678.sql,17.436333333333334
2679.sql,69.79966666666667
2680.sql,0.5756666666666667
2681.sql,0.113
2682.sql,2.110666666666667
2683.sql,0.12266666666666666
2684.sql,0.12966666666666668
2685.sql,1.2673333333333334
2686.sql,0.40166666666666667
2687.sql,0.11866666666666666
2688.sql,0.15366666666666665
2689.sql,0.42366666666666664
2690.sql,5.72
2692.sql,0.5153333333333333
2693.sql,2.1893333333333334
2694.sql,0.14266666666666664
2695.sql,1.1643333333333334
2696.sql,1.5723333333333336
2697.sql,0.301
2698.sql,0.24166666666666667
2699.sql,0.10566666666666667
2700.sql,0.11766666666666666
2701.sql,0.11166666666666665
2703.sql,0.12933333333333333
2704.sql,0.22
2705.sql,0.13433333333333333
2706.sql,1.3696666666666666
2707.sql,1.4986666666666668
2708.sql,0.7606666666666667
2709.sql,0.5606666666666666
2710.sql,0.11566666666666665
2711.sql,0.3456666666666666
2712.sql,1.9373333333333331
2713.sql,2.6293333333333333
2714.sql,16.488000000000003
2716.sql,0.9863333333333332
2717.sql,2.1266666666666665
2718.sql,0.13166666666666668
2719.sql,3.807
2720.sql,1.7166666666666668
2722.sql,0.229
2723.sql,0.525
2724.sql,0.36166666666666664
2725.sql,0.401
2726.sql,1.5166666666666668
2727.sql,1.4396666666666667
2728.sql,0.7956666666666666
2730.sql,69.509
2731.sql,2.086
2732.sql,1.2163333333333333
2733.sql,7.812333333333332
2734.sql,1.3253333333333333
2735.sql,6.753333333333334
2736.sql,0.059
2737.sql,0.168
2738.sql,4.871666666666666
2739.sql,0.19866666666666669
2740.sql,0.19933333333333336
2741.sql,0.513
2742.sql,0.2273333333333333
2743.sql,0.16166666666666665
2744.sql,0.37366666666666665
2745.sql,2.7863333333333333
2746.sql,2.5909999999999997
2747.sql,0.21033333333333334
2748.sql,0.15033333333333332
2749.sql,0.14
2750.sql,1.5476666666666665
2752.sql,0.24633333333333332
2753.sql,0.5379999999999999
2754.sql,0.14966666666666664
2755.sql,2.273
2757.sql,0.11599999999999999
2758.sql,2.9596666666666667
2759.sql,4.049
2760.sql,0.7936666666666667
2762.sql,1.4003333333333334
2763.sql,7.3500000000000005
2764.sql,1.0223333333333333
2766.sql,0.114
2767.sql,1.9006666666666667
2768.sql,1.788
2769.sql,0.9546666666666667
2771.sql,0.7366666666666667
2772.sql,0.15
2773.sql,0.44766666666666666
2774.sql,6.191333333333334
2775.sql,0.16966666666666666
2776.sql,24.27933333333333
2777.sql,0.9246666666666666
2778.sql,0.16433333333333333
2779.sql,1.2506666666666666
2780.sql,0.2726666666666666
2781.sql,0.10566666666666667
2782.sql,2.1973333333333334
2784.sql,0.11733333333333333
2785.sql,4.925666666666666
2786.sql,1.0476666666666667
2787.sql,0.106
2788.sql,0.16666666666666666
2789.sql,0.4263333333333333
2791.sql,0.12733333333333333
2792.sql,1.1016666666666668
2793.sql,1.9080000000000001
2794.sql,0.924
2795.sql,1.277
2796.sql,0.393
2797.sql,0.547
2798.sql,0.36999999999999994
2799.sql,0.11499999999999999
2800.sql,1.4363333333333335
2801.sql,0.44799999999999995
2802.sql,0.11833333333333333
2803.sql,0.09466666666666668
2804.sql,3.595
2805.sql,1.888
2806.sql,0.6629999999999999
2807.sql,1.524
2808.sql,0.16233333333333333
2809.sql,0.41500000000000004
2810.sql,0.07466666666666667
2811.sql,0.7879999999999999
2812.sql,0.39433333333333326
2813.sql,1.5326666666666666
2814.sql,7.997
2815.sql,0.136
2816.sql,0.278
2817.sql,0.06733333333333334
2818.sql,0.45166666666666666
2819.sql,0.6153333333333334
2820.sql,1.5293333333333334
2821.sql,1.4909999999999999
2822.sql,0.084
2823.sql,0.9809999999999999
2824.sql,0.39233333333333337
2825.sql,0.6833333333333332
2826.sql,1.5353333333333332
2827.sql,0.168
2828.sql,11.791333333333334
2829.sql,0.23566666666666666
2830.sql,1.7453333333333332
2831.sql,4.171
2832.sql,0.135
2833.sql,0.5179999999999999
2834.sql,4.629666666666666
2835.sql,2.425333333333333
2836.sql,0.15433333333333332
2837.sql,0.16966666666666666
2838.sql,0.7566666666666667
2839.sql,2.6393333333333335
2840.sql,1.317
2841.sql,1.0516666666666665
2842.sql,0.121
2844.sql,0.883
2845.sql,196.88766666666666
2846.sql,0.5953333333333333
2847.sql,3.015333333333333
2848.sql,0.5616666666666666
2849.sql,1.749666666666667
2850.sql,0.25833333333333336
2851.sql,2.012
2852.sql,1.6603333333333332
2853.sql,0.9426666666666668
2854.sql,1.7449999999999999
2855.sql,6.316333333333333
2857.sql,0.10333333333333333
2858.sql,0.13933333333333334
2859.sql,0.5576666666666666
2860.sql,0.24566666666666667
2862.sql,1.284
2864.sql,0.15933333333333333
2865.sql,3.5236666666666667
2866.sql,0.10366666666666667
2867.sql,0.43766666666666665
2868.sql,0.15033333333333332
2869.sql,14.559333333333333
2870.sql,0.12233333333333334
2871.sql,0.16733333333333333
2872.sql,1.0633333333333332
2873.sql,0.49366666666666664
2874.sql,0.4666666666666666
2875.sql,1.3920000000000001
2876.sql,2.844666666666667
2877.sql,0.7166666666666667
2878.sql,1.3773333333333333
2879.sql,0.7233333333333333
2880.sql,0.11666666666666665
2881.sql,0.122
2883.sql,1.742
2884.sql,0.12266666666666666
2885.sql,0.15966666666666665
2886.sql,0.7479999999999999
2887.sql,13.986666666666666
2888.sql,1.4823333333333333
2889.sql,0.08466666666666667
2890.sql,0.5396666666666666
2891.sql,1.773
2892.sql,0.4246666666666667
2893.sql,0.6783333333333333
2894.sql,1.9736666666666667
2895.sql,0.39066666666666666
2896.sql,0.36233333333333334
2897.sql,12.136333333333333
2898.sql,0.43933333333333335
2899.sql,0.19766666666666666
2900.sql,0.2873333333333334
2901.sql,0.46799999999999997
2902.sql,0.6013333333333333
2903.sql,1.949
2904.sql,2.381666666666667
2905.sql,1.7376666666666667
2906.sql,0.11633333333333333
2907.sql,0.456
2909.sql,0.19099999999999998
2910.sql,2.3846666666666665
2911.sql,2.6563333333333334
2912.sql,0.13133333333333333
2913.sql,2.128666666666667
2914.sql,0.14100000000000001
2915.sql,1.1823333333333332
2916.sql,0.15366666666666665
2917.sql,0.151
2919.sql,0.11833333333333333
2920.sql,0.4883333333333333
2921.sql,3.5660000000000003
2924.sql,2.0316666666666667
2925.sql,0.11833333333333333
2927.sql,0.249
2929.sql,1.3796666666666664
2930.sql,0.13433333333333333
2931.sql,0.134
2932.sql,0.6
2933.sql,0.11
2934.sql,0.416
2935.sql,0.08866666666666667
2936.sql,0.38966666666666666
2937.sql,141.35299999999998
2938.sql,0.15433333333333332
2939.sql,1.1836666666666666
2940.sql,0.14500000000000002
2941.sql,0.7876666666666666
2942.sql,6.464333333333333
2943.sql,1.066
2944.sql,0.1436666666666667
2945.sql,0.657
2946.sql,2.894
2947.sql,0.15333333333333332
2948.sql,0.5393333333333333
2949.sql,0.21166666666666667
2950.sql,80.692
2951.sql,0.5136666666666667
2952.sql,0.19733333333333336
2953.sql,2.2609999999999997
2955.sql,0.37399999999999994
2956.sql,1.5850000000000002
2957.sql,2.991
2958.sql,0.462
2959.sql,0.13366666666666668
2960.sql,0.09266666666666667
2961.sql,0.6426666666666666
2962.sql,167.132
2963.sql,0.18766666666666668
2964.sql,0.5073333333333334
2965.sql,1.2863333333333333
2966.sql,0.431
2967.sql,0.10366666666666667
2968.sql,46.647
2969.sql,1.7149999999999999
2970.sql,1.6553333333333333
2972.sql,0.5386666666666667
2973.sql,0.10466666666666667
2974.sql,0.4503333333333333
2976.sql,1.2413333333333334
2977.sql,0.48900000000000005
2978.sql,112.41666666666667
2979.sql,3.0
2980.sql,1.1580000000000001
2981.sql,0.09066666666666667
2982.sql,1.9006666666666667
2983.sql,0.09299999999999999
2984.sql,5.829000000000001
2985.sql,0.6043333333333334
2986.sql,3.2526666666666664
2987.sql,0.08733333333333333
2988.sql,0.112
2989.sql,0.496
2990.sql,3.5193333333333334
2991.sql,0.05333333333333334
2992.sql,0.5886666666666667
2993.sql,0.14933333333333332
2994.sql,0.16033333333333333
2995.sql,5.541333333333333
2996.sql,0.12866666666666668
2997.sql,0.10333333333333333
2998.sql,0.14666666666666664
2999.sql,1.136
